Sport,Franchise ID,City of Team,Team Name,Season Win Loss Record,Season Win Percentage,Season Payroll,Season,Season Start Month & Year,Season End Month & Year,"Playoff Round elminated (0 = missed playoffs, 5 = Won Championship)",,,,,,,,,,,,,,,,,,,
Hockey,1,San Jose,Sharks,20-50-12,0.317,65516547,2024-2025,2024-10-01,2025-06-01,0,,,,,,,,,,,,,,,,,,,
Hockey,2,Calgary,Flames,41-27-14,0.585,70630364,2024-2025,2024-10-01,2025-06-01,0,,,,,,,,,,,,,,,,,,,
Hockey,3,Columbus,Blue Jackets,40-33-9,0.543,73079991,2024-2025,2024-10-01,2025-06-01,0,,,,,,,,,,,,,,,,,,,
Hockey,4,Utah,Hockey Club,38-31-13,0.537,75623374,2024-2025,2024-10-01,2025-06-01,0,,,,,,,,,,,,,,,,,,,
Hockey,5,Nashville,Predators,30-44-8,0.415,76862659,2024-2025,2024-10-01,2025-06-01,0,,,,,,,,,,,,,,,,,,,
Hockey,6,Seattle,Kraken,35-41-6,0.463,78594281,2024-2025,2024-10-01,2025-06-01,0,,,,,,,,,,,,,,,,,,,
Hockey,7,Buffalo,Sabres,36-39-7,0.482,79588192,2024-2025,2024-10-01,2025-06-01,0,,,,,,,,,,,,,,,,,,,
Hockey,8,Philadelphia,Flyers,33-39-10,0.463,81828955,2024-2025,2024-10-01,2025-06-01,0,,,,,,,,,,,,,,,,,,,
Hockey,9,Vancouver,Canucks,38-30-14,0.549,82435259,2024-2025,2024-10-01,2025-06-01,0,,,,,,,,,,,,,,,,,,,
Hockey,10,Anaheim,Ducks,35-37-10,0.488,82446873,2024-2025,2024-10-01,2025-06-01,0,,,,,,,,,,,,,,,,,,,
Hockey,11,Boston,Bruins,33-39-10,0.463,84787437,2024-2025,2024-10-01,2025-06-01,0,,,,,,,,,,,,,,,,,,,
Hockey,12,Chicago,Blackhawks,25-46-11,0.372,85714173,2024-2025,2024-10-01,2025-06-01,0,,,,,,,,,,,,,,,,,,,
Hockey,13,New York,Rangers,39-36-7,0.518,85722876,2024-2025,2024-10-01,2025-06-01,0,,,,,,,,,,,,,,,,,,,
Hockey,14,Pittsburgh,Penguins,34-36-12,0.488,86783883,2024-2025,2024-10-01,2025-06-01,0,,,,,,,,,,,,,,,,,,,
Hockey,15,Detroit,Red Wings,39-35-8,0.524,86940171,2024-2025,2024-10-01,2025-06-01,0,,,,,,,,,,,,,,,,,,,
Hockey,16,St. Louis,Blues,44-30-8,0.585,87765050,2024-2025,2024-10-01,2025-06-01,1,,,,,,,,,,,,,,,,,,,
Hockey,17,Washington,Capitals,51-22-9,0.677,100508899,2024-2025,2024-10-01,2025-06-01,2,,,,,,,,,,,,,,,,,,,
Hockey,18,Florida,Panthers,47-31-4,0.598,100894705,2024-2025,2024-10-01,2025-06-01,5,,,,,,,,,,,,,,,,,,,
Hockey,19,Toronto,Maple Leafs,52-26-4,0.659,96561710,2024-2025,2024-10-01,2025-06-01,2,,,,,,,,,,,,,,,,,,,
Hockey,20,New Jersey,Devils,42-33-7,0.555,92704377,2024-2025,2024-10-01,2025-06-01,1,,,,,,,,,,,,,,,,,,,
Hockey,21,Los Angeles,Kings,48-25-9,0.64,89380944,2024-2025,2024-10-01,2025-06-01,1,,,,,,,,,,,,,,,,,,,
Hockey,22,New York,Islanders,35-35-12,0.5,90276828,2024-2025,2024-10-01,2025-06-01,0,,,,,,,,,,,,,,,,,,,
Hockey,23,Colorado,Avalanche,49-29-4,0.622,98787703,2024-2025,2024-10-01,2025-06-01,1,,,,,,,,,,,,,,,,,,,
Hockey,24,Edmonton,Oilers,48-29-5,0.616,94318159,2024-2025,2024-10-01,2025-06-01,4,,,,,,,,,,,,,,,,,,,
Hockey,25,Carolina,Hurricanes,47-30-5,0.604,88389802,2024-2025,2024-10-01,2025-06-01,3,,,,,,,,,,,,,,,,,,,
Hockey,26,Dallas,Stars,50-26-6,0.646,97354733,2024-2025,2024-10-01,2025-06-01,3,,,,,,,,,,,,,,,,,,,
Hockey,27,Ottawa,Senators,45-30-7,0.591,88270199,2024-2025,2024-10-01,2025-06-01,1,,,,,,,,,,,,,,,,,,,
Hockey,28,Minnesota,Wild,45-30-7,0.591,90359811,2024-2025,2024-10-01,2025-06-01,1,,,,,,,,,,,,,,,,,,,
Hockey,29,Vegas,Golden Knights,50-22-10,0.671,91053909,2024-2025,2024-10-01,2025-06-01,2,,,,,,,,,,,,,,,,,,,
Hockey,30,Montreal,Canadiens,40-31-11,0.555,92364711,2024-2025,2024-10-01,2025-06-01,1,,,,,,,,,,,,,,,,,,,
Hockey,31,Tampa Bay,Lightning,47-27-8,0.622,93482289,2024-2025,2024-10-01,2025-06-01,1,,,,,,,,,,,,,,,,,,,
Hockey,32,Winnipeg,Jets,56-22-4,0.707,94094182,2024-2025,2024-10-01,2025-06-01,2,,,,,,,,,,,,,,,,,,,
Hockey,1,San Jose,Sharks,19-50-13,0.311,73749321,2023-2024,2023-10-01,2024-06-01,0,,,,,,,,,,,,,,,,,,,
Hockey,2,Calgary,Flames,38-27-17,0.585,77735389,2023-2024,2023-10-01,2024-06-01,0,,,,,,,,,,,,,,,,,,,
Hockey,3,Columbus,Blue Jackets,27-43-12,0.366,76506201,2023-2024,2023-10-01,2024-06-01,0,,,,,,,,,,,,,,,,,,,
Hockey,4,Utah,Hockey Club,38-31-13,0.537,75623374,2023-2024,2023-10-01,2024-06-01,0,,,,,,,,,,,,,,,,,,,
Hockey,5,Nashville,Predators,42-32-8,0.591,83165605,2023-2024,2023-10-01,2024-06-01,0,,,,,,,,,,,,,,,,,,,
Hockey,6,Seattle,Kraken,34-35-13,0.463,81866445,2023-2024,2023-10-01,2024-06-01,0,,,,,,,,,,,,,,,,,,,
Hockey,7,Buffalo,Sabres,42-33-7,0.555,72823929,2023-2024,2023-10-01,2024-06-01,0,,,,,,,,,,,,,,,,,,,
Hockey,8,Philadelphia,Flyers,31-38-13,0.457,86740712,2023-2024,2023-10-01,2024-06-01,0,,,,,,,,,,,,,,,,,,,
Hockey,9,Vancouver,Canucks,38-37-7,0.518,85190759,2023-2024,2023-10-01,2024-06-01,0,,,,,,,,,,,,,,,,,,,
Hockey,10,Anaheim,Ducks,23-48-12,0.402,70331145,2023-2024,2023-10-01,2024-06-01,0,,,,,,,,,,,,,,,,,,,
Hockey,11,Boston,Bruins,47-20-15,0.671,83708318,2023-2024,2023-10-01,2024-06-01,0,,,,,,,,,,,,,,,,,,,
Hockey,12,Chicago,Blackhawks,26-49-7,0.359,70642778,2023-2024,2023-10-01,2024-06-01,0,,,,,,,,,,,,,,,,,,,
Hockey,13,New York,Rangers,47-22-13,0.622,89890158,2023-2024,2023-10-01,2024-06-01,0,,,,,,,,,,,,,,,,,,,
Hockey,14,Pittsburgh,Penguins,40-31-11,0.537,85318725,2023-2024,2023-10-01,2024-06-01,0,,,,,,,,,,,,,,,,,,,
Hockey,15,Detroit,Red Wings,41-32-9,0.579,86940171,2023-2024,2023-10-01,2024-06-01,0,,,,,,,,,,,,,,,,,,,
Hockey,16,St. Louis,Blues,44-30-8,0.585,83055954,2023-2024,2023-10-01,2024-06-01,1,,,,,,,,,,,,,,,,,,,
Hockey,17,Washington,Capitals,40-31-11,0.555,81880640,2023-2024,2023-10-01,2024-06-01,1,,,,,,,,,,,,,,,,,,,
Hockey,18,Florida,Panthers,52-24-6,0.707,87392295,2023-2024,2023-10-01,2024-06-01,5,,,,,,,,,,,,,,,,,,,
Hockey,19,Toronto,Maple Leafs,52-26-4,0.659,87392295,2023-2024,2023-10-01,2024-06-01,2,,,,,,,,,,,,,,,,,,,
Hockey,20,New Jersey,Devils,42-33-7,0.555,82110011,2023-2024,2023-10-01,2024-06-01,1,,,,,,,,,,,,,,,,,,,
Hockey,21,Los Angeles,Kings,44-27-11,0.585,86413334,2023-2024,2023-10-01,2024-06-01,1,,,,,,,,,,,,,,,,,,,
Hockey,22,New York,Islanders,39-27-16,0.573,85614819,2023-2024,2023-10-01,2024-06-01,0,,,,,,,,,,,,,,,,,,,
Hockey,23,Colorado,Avalanche,50-25-7,0.652,91104968,2023-2024,2023-10-01,2024-06-01,1,,,,,,,,,,,,,,,,,,,
Hockey,24,Edmonton,Oilers,49-27-6,0.634,84918043,2023-2024,2023-10-01,2024-06-01,4,,,,,,,,,,,,,,,,,,,
Hockey,25,Carolina,Hurricanes,52-23-7,0.677,85359646,2023-2024,2023-10-01,2024-06-01,3,,,,,,,,,,,,,,,,,,,
Hockey,26,Dallas,Stars,52-21-9,0.689,84372443,2023-2024,2023-10-01,2024-06-01,3,,,,,,,,,,,,,,,,,,,
Hockey,27,Ottawa,Senators,37-41-4,0.476,84430820,2023-2024,2023-10-01,2024-06-01,1,,,,,,,,,,,,,,,,,,,
Hockey,28,Minnesota,Wild,46-25-11,0.622,83498170,2023-2024,2023-10-01,2024-06-01,1,,,,,,,,,,,,,,,,,,,
Hockey,29,Vegas,Golden Knights,51-22-9,0.671,101121666,2023-2024,2023-10-01,2024-06-01,2,,,,,,,,,,,,,,,,,,,
Hockey,30,Montreal,Canadiens,31-45-6,0.463,85368391,2023-2024,2023-10-01,2024-06-01,0,,,,,,,,,,,,,,,,,,,
Hockey,31,Tampa Bay,Lightning,46-30-6,0.598,100368737,2023-2024,2023-10-01,2024-06-01,1,,,,,,,,,,,,,,,,,,,
Hockey,32,Winnipeg,Jets,56-22-4,0.707,87421956,2023-2024,2023-10-01,2024-06-01,2,,,,,,,,,,,,,,,,,,,
Hockey,1,San Jose,Sharks,22-44-16,0.366,83514797,2022-2023,2022-10-07,2023-04-13,0,,,,,,,,,,,,,,,,,,,
Hockey,2,Calgary,Flames,38-27-17,0.567,82590180,2022-2023,2022-10-07,2023-04-13,0,,,,,,,,,,,,,,,,,,,
Hockey,3,Columbus,Blue Jackets,25-48-9,0.36,81540447,2022-2023,2022-10-07,2023-04-13,0,,,,,,,,,,,,,,,,,,,
Hockey,4,Arizona,Coyotes,28-40-14,0.427,67553790,2022-2023,2022-10-07,2023-04-13,0,,,,,,,,,,,,,,,,,,,
Hockey,5,Nashville,Predators,42-32-8,0.561,81370388,2022-2023,2022-10-07,2023-04-13,0,,,,,,,,,,,,,,,,,,,
Hockey,6,Seattle,Kraken,46-28-8,0.61,81021788,2022-2023,2022-10-07,2023-04-13,2,,,,,,,,,,,,,,,,,,,
Hockey,7,Buffalo,Sabres,42-33-7,0.555,65265598,2022-2023,2022-10-07,2023-04-13,0,,,,,,,,,,,,,,,,,,,
Hockey,8,Philadelphia,Flyers,31-38-13,0.457,86618092,2022-2023,2022-10-07,2023-04-13,0,,,,,,,,,,,,,,,,,,,
Hockey,9,Vancouver,Canucks,38-37-7,0.506,87584806,2022-2023,2022-10-07,2023-04-13,0,,,,,,,,,,,,,,,,,,,
Hockey,10,Anaheim,Ducks,23-47-12,0.354,71619797,2022-2023,2022-10-07,2023-04-13,0,,,,,,,,,,,,,,,,,,,
Hockey,11,Boston,Bruins,65-12-5,0.823,85604066,2022-2023,2022-10-07,2023-04-13,1,,,,,,,,,,,,,,,,,,,
Hockey,12,Chicago,Blackhawks,26-49-7,0.36,81924351,2022-2023,2022-10-07,2023-04-13,0,,,,,,,,,,,,,,,,,,,
Hockey,13,New York,Rangers,47-22-13,0.652,83446494,2022-2023,2022-10-07,2023-04-13,1,,,,,,,,,,,,,,,,,,,
Hockey,14,Pittsburgh,Penguins,40-31-11,0.555,82137627,2022-2023,2022-10-07,2023-04-13,0,,,,,,,,,,,,,,,,,,,
Hockey,15,Detroit,Red Wings,35-37-10,0.488,74721594,2022-2023,2022-10-07,2023-04-13,0,,,,,,,,,,,,,,,,,,,
Hockey,16,St. Louis,Blues,37-38-7,0.494,80736327,2022-2023,2022-10-07,2023-04-13,0,,,,,,,,,,,,,,,,,,,
Hockey,17,Washington,Capitals,35-37-10,0.488,90158972,2022-2023,2022-10-07,2023-04-13,0,,,,,,,,,,,,,,,,,,,
Hockey,18,Florida,Panthers,42-32-8,0.561,87439609,2022-2023,2022-10-07,2023-04-13,4,,,,,,,,,,,,,,,,,,,
Hockey,19,Toronto,Maple Leafs,50-21-11,0.677,88921452,2022-2023,2022-10-07,2023-04-13,2,,,,,,,,,,,,,,,,,,,
Hockey,20,New Jersey,Devils,52-22-8,0.683,83608068,2022-2023,2022-10-07,2023-04-13,2,,,,,,,,,,,,,,,,,,,
Hockey,21,Los Angeles,Kings,47-25-10,0.634,80201091,2022-2023,2022-10-07,2023-04-13,1,,,,,,,,,,,,,,,,,,,
Hockey,22,New York,Islanders,42-31-9,0.567,81095304,2022-2023,2022-10-07,2023-04-13,1,,,,,,,,,,,,,,,,,,,
Hockey,23,Colorado,Avalanche,51-24-7,0.665,84427462,2022-2023,2022-10-07,2023-04-13,1,,,,,,,,,,,,,,,,,,,
Hockey,24,Edmonton,Oilers,50-23-9,0.665,90733951,2022-2023,2022-10-07,2023-04-13,2,,,,,,,,,,,,,,,,,,,
Hockey,25,Carolina,Hurricanes,52-21-9,0.689,89882029,2022-2023,2022-10-07,2023-04-13,3,,,,,,,,,,,,,,,,,,,
Hockey,26,Dallas,Stars,47-21-14,0.659,81981992,2022-2023,2022-10-07,2023-04-13,3,,,,,,,,,,,,,,,,,,,
Hockey,27,Ottawa,Senators,39-35-8,0.524,79241715,2022-2023,2022-10-07,2023-04-13,0,,,,,,,,,,,,,,,,,,,
Hockey,28,Minnesota,Wild,46-25-11,0.628,82114357,2022-2023,2022-10-07,2023-04-13,1,,,,,,,,,,,,,,,,,,,
Hockey,29,Vegas,Golden Knights,51-22-9,0.677,97162502,2022-2023,2022-10-07,2023-04-13,5,,,,,,,,,,,,,,,,,,,
Hockey,30,Montreal,Canadiens,31-45-6,0.415,95496168,2022-2023,2022-10-07,2023-04-13,0,,,,,,,,,,,,,,,,,,,
Hockey,31,Tampa Bay,Lightning,46-30-6,0.598,89814975,2022-2023,2022-10-07,2023-04-13,1,,,,,,,,,,,,,,,,,,,
Hockey,32,Winnipeg,Jets,46-33-3,0.579,81735703,2022-2023,2022-10-07,2023-04-13,1,,,,,,,,,,,,,,,,,,,
Hockey,1,San Jose,Sharks,32-37-13,0.47,76292867,2021-2022,2021-10-12,2022-04-29,0,,,,,,,,,,,,,,,,,,,
Hockey,2,Calgary,Flames,50-21-11,0.677,84765843,2021-2022,2021-10-12,2022-04-29,2,,,,,,,,,,,,,,,,,,,
Hockey,3,Columbus,Blue Jackets,37-38-7,0.494,69433690,2021-2022,2021-10-12,2022-04-29,0,,,,,,,,,,,,,,,,,,,
Hockey,4,Arizona,Coyotes,25-50-7,0.348,85587556,2021-2022,2021-10-12,2022-04-29,0,,,,,,,,,,,,,,,,,,,
Hockey,5,Nashville,Predators,45-30-7,0.591,71653906,2021-2022,2021-10-12,2022-04-29,1,,,,,,,,,,,,,,,,,,,
Hockey,6,Seattle,Kraken,27-49-6,0.366,71773775,2021-2022,2021-10-12,2022-04-29,0,,,,,,,,,,,,,,,,,,,
Hockey,7,Buffalo,Sabres,32-39-11,0.457,65994622,2021-2022,2021-10-12,2022-04-29,0,,,,,,,,,,,,,,,,,,,
Hockey,8,Philadelphia,Flyers,25-46-11,0.372,78678027,2021-2022,2021-10-12,2022-04-29,0,,,,,,,,,,,,,,,,,,,
Hockey,9,Vancouver,Canucks,40-30-12,0.561,85059198,2021-2022,2021-10-12,2022-04-29,0,,,,,,,,,,,,,,,,,,,
Hockey,10,Anaheim,Ducks,31-37-14,0.463,60305455,2021-2022,2021-10-12,2022-04-29,0,,,,,,,,,,,,,,,,,,,
Hockey,11,Boston,Bruins,51-26-5,0.652,81650744,2021-2022,2021-10-12,2022-04-29,1,,,,,,,,,,,,,,,,,,,
Hockey,12,Chicago,Blackhawks,28-42-12,0.415,81183562,2021-2022,2021-10-12,2022-04-29,0,,,,,,,,,,,,,,,,,,,
Hockey,13,New York,Rangers,52-24-6,0.671,82449595,2021-2022,2021-10-12,2022-04-29,3,,,,,,,,,,,,,,,,,,,
Hockey,14,Pittsburgh,Penguins,46-25-11,0.628,83951743,2021-2022,2021-10-12,2022-04-29,1,,,,,,,,,,,,,,,,,,,
Hockey,15,Detroit,Red Wings,32-40-10,0.451,69557687,2021-2022,2021-10-12,2022-04-29,0,,,,,,,,,,,,,,,,,,,
Hockey,16,St. Louis,Blues,49-22-11,0.665,81790162,2021-2022,2021-10-12,2022-04-29,2,,,,,,,,,,,,,,,,,,,
Hockey,17,Washington,Capitals,44-26-12,0.61,85880933,2021-2022,2021-10-12,2022-04-29,1,,,,,,,,,,,,,,,,,,,
Hockey,18,Florida,Panthers,58-18-6,0.744,85763824,2021-2022,2021-10-12,2022-04-29,2,,,,,,,,,,,,,,,,,,,
Hockey,19,Toronto,Maple Leafs,54-21-7,0.701,90013798,2021-2022,2021-10-12,2022-04-29,1,,,,,,,,,,,,,,,,,,,
Hockey,20,New Jersey,Devils,27-46-9,0.384,73577425,2021-2022,2021-10-12,2022-04-29,0,,,,,,,,,,,,,,,,,,,
Hockey,21,Los Angeles,Kings,44-27-11,0.604,84242143,2021-2022,2021-10-12,2022-04-29,1,,,,,,,,,,,,,,,,,,,
Hockey,22,New York,Islanders,37-35-10,0.512,79269354,2021-2022,2021-10-12,2022-04-29,0,,,,,,,,,,,,,,,,,,,
Hockey,23,Colorado,Avalanche,56-19-7,0.726,83501771,2021-2022,2021-10-12,2022-04-29,5,,,,,,,,,,,,,,,,,,,
Hockey,24,Edmonton,Oilers,49-27-6,0.634,88251373,2021-2022,2021-10-12,2022-04-29,3,,,,,,,,,,,,,,,,,,,
Hockey,25,Carolina,Hurricanes,54-20-8,0.707,87484917,2021-2022,2021-10-12,2022-04-29,2,,,,,,,,,,,,,,,,,,,
Hockey,26,Dallas,Stars,46-30-6,0.598,85912802,2021-2022,2021-10-12,2022-04-29,1,,,,,,,,,,,,,,,,,,,
Hockey,27,Ottawa,Senators,33-42-7,0.445,71644834,2021-2022,2021-10-12,2022-04-29,0,,,,,,,,,,,,,,,,,,,
Hockey,28,Minnesota,Wild,53-22-7,0.689,83330618,2021-2022,2021-10-12,2022-04-29,1,,,,,,,,,,,,,,,,,,,
Hockey,29,Vegas,Golden Knights,43-31-8,0.573,91988359,2021-2022,2021-10-12,2022-04-29,0,,,,,,,,,,,,,,,,,,,
Hockey,30,Montreal,Canadiens,22-49-11,0.335,85674744,2021-2022,2021-10-12,2022-04-29,0,,,,,,,,,,,,,,,,,,,
Hockey,31,Tampa Bay,Lightning,51-23-8,0.671,90005525,2021-2022,2021-10-12,2022-04-29,4,,,,,,,,,,,,,,,,,,,
Hockey,32,Winnipeg,Jets,39-32-11,0.543,80683023,2021-2022,2021-10-12,2022-04-29,0,,,,,,,,,,,,,,,,,,,
Hockey,1,San Jose,Sharks,21-28-7,0.438,79896022,2020-2021,2021-01-13,2021-05-19,0,,,,,,,,,,,,,,,,,,,
Hockey,2,Calgary,Flames,26-27-3,0.491,77897228,2020-2021,2021-01-13,2021-05-19,0,,,,,,,,,,,,,,,,,,,
Hockey,3,Columbus,Blue Jackets,18-26-12,0.429,73835118,2020-2021,2021-01-13,2021-05-19,0,,,,,,,,,,,,,,,,,,,
Hockey,4,Utah,Coyotes,24-26-6,0.482,79757378,2020-2021,2021-01-13,2021-05-19,0,,,,,,,,,,,,,,,,,,,
Hockey,5,Nashville,Predators,31-23-2,0.571,83520657,2020-2021,2021-01-13,2021-05-19,1,,,,,,,,,,,,,,,,,,,
Hockey,7,Buffalo,Sabres,15-34-7,0.33,72678411,2020-2021,2021-01-13,2021-05-19,0,,,,,,,,,,,,,,,,,,,
Hockey,8,Philadelphia,Flyers,25-23-8,0.518,78849867,2020-2021,2021-01-13,2021-05-19,0,,,,,,,,,,,,,,,,,,,
Hockey,9,Vancouver,Canucks,23-29-4,0.446,82244869,2020-2021,2021-01-13,2021-05-19,0,,,,,,,,,,,,,,,,,,,
Hockey,10,Anaheim,Ducks,17-30-9,0.384,87017407,2020-2021,2021-01-13,2021-05-19,0,,,,,,,,,,,,,,,,,,,
Hockey,11,Boston,Bruins,33-16-7,0.652,82245943,2020-2021,2021-01-13,2021-05-19,2,,,,,,,,,,,,,,,,,,,
Hockey,12,Chicago,Blackhawks,24-25-7,0.491,84953294,2020-2021,2021-01-13,2021-05-19,0,,,,,,,,,,,,,,,,,,,
Hockey,13,New York,Rangers,27-23-6,0.536,83970853,2020-2021,2021-01-13,2021-05-19,0,,,,,,,,,,,,,,,,,,,
Hockey,14,Pittsburgh,Penguins,37-16-3,0.688,86230602,2020-2021,2021-01-13,2021-05-19,1,,,,,,,,,,,,,,,,,,,
Hockey,15,Detroit,Red Wings,19-27-10,0.429,73725168,2020-2021,2021-01-13,2021-05-19,0,,,,,,,,,,,,,,,,,,,
Hockey,16,St. Louis,Blues,27-20-9,0.563,89841278,2020-2021,2021-01-13,2021-05-19,1,,,,,,,,,,,,,,,,,,,
Hockey,17,Washington,Capitals,36-15-5,0.688,86726259,2020-2021,2021-01-13,2021-05-19,1,,,,,,,,,,,,,,,,,,,
Hockey,18,Florida,Panthers,37-14-5,0.705,80743103,2020-2021,2021-01-13,2021-05-19,1,,,,,,,,,,,,,,,,,,,
Hockey,19,Toronto,Maple Leafs,35-14-7,0.688,84094786,2020-2021,2021-01-13,2021-05-19,1,,,,,,,,,,,,,,,,,,,
Hockey,20,New Jersey,Devils,19-30-7,0.402,62254273,2020-2021,2021-01-13,2021-05-19,0,,,,,,,,,,,,,,,,,,,
Hockey,21,Los Angeles,Kings,21-28-7,0.438,71143210,2020-2021,2021-01-13,2021-05-19,0,,,,,,,,,,,,,,,,,,,
Hockey,22,New York,Islanders,32-17-7,0.634,94357016,2020-2021,2021-01-13,2021-05-19,3,,,,,,,,,,,,,,,,,,,
Hockey,23,Colorado,Avalanche,39-13-4,0.732,84981081,2020-2021,2021-01-13,2021-05-19,2,,,,,,,,,,,,,,,,,,,
Hockey,24,Edmonton,Oilers,35-19-2,0.643,85623396,2020-2021,2021-01-13,2021-05-19,1,,,,,,,,,,,,,,,,,,,
Hockey,25,Carolina,Hurricanes,2036-12-08,0.714,77568328,2020-2021,2021-01-13,2021-05-19,2,,,,,,,,,,,,,,,,,,,
Hockey,26,Dallas,Stars,23-19-14,0.536,83355887,2020-2021,2021-01-13,2021-05-19,0,,,,,,,,,,,,,,,,,,,
Hockey,27,Ottawa,Senators,23-28-5,0.455,66354638,2020-2021,2021-01-13,2021-05-19,0,,,,,,,,,,,,,,,,,,,
Hockey,28,Minnesota,Wild,35-16-5,0.67,81088412,2020-2021,2021-01-13,2021-05-19,1,,,,,,,,,,,,,,,,,,,
Hockey,29,Vegas,Golden Knights,40-14-2,0.732,82796287,2020-2021,2021-01-13,2021-05-19,3,,,,,,,,,,,,,,,,,,,
Hockey,30,Montreal,Canadiens,24-21-11,0.527,85568698,2020-2021,2021-01-13,2021-05-19,4,,,,,,,,,,,,,,,,,,,
Hockey,31,Tampa Bay,Lightning,36-17-3,0.67,99878996,2020-2021,2021-01-13,2021-05-19,5,,,,,,,,,,,,,,,,,,,
Hockey,32,Winnipeg,Jets,30-23-3,0.563,85649783,2020-2021,2021-01-13,2021-05-19,2,,,,,,,,,,,,,,,,,,,
Hockey,1,San Jose,Sharks,29-36-5,0.45,78266631,2019-2020,2019-10-02,2020-09-28,0,,,,,,,,,,,,,,,,,,,
Hockey,2,Calgary,Flames,36-27-7,0.564,77371032,2019-2020,2019-10-02,2020-09-28,1,,,,,,,,,,,,,,,,,,,
Hockey,3,Columbus,Blue Jackets,33-22-15,0.579,77633761,2019-2020,2019-10-02,2020-09-28,1,,,,,,,,,,,,,,,,,,,
Hockey,4,Arizona,Coyotes,33-29-8,0.529,85537609,2019-2020,2019-10-02,2020-09-28,1,,,,,,,,,,,,,,,,,,,
Hockey,5,Nashville,Predators,35-26-8,0.565,79193222,2019-2020,2019-10-02,2020-09-28,0,,,,,,,,,,,,,,,,,,,
Hockey,7,Buffalo,Sabres,30-31-8,0.493,82884775,2019-2020,2019-10-02,2020-09-28,0,,,,,,,,,,,,,,,,,,,
Hockey,8,Philadelphia,Flyers,41-21-7,0.645,83579969,2019-2020,2019-10-02,2020-09-28,2,,,,,,,,,,,,,,,,,,,
Hockey,9,Vancouver,Canucks,36-27-6,0.565,86542925,2019-2020,2019-10-02,2020-09-28,2,,,,,,,,,,,,,,,,,,,
Hockey,10,Anaheim,Ducks,29-33-9,0.472,80279452,2019-2020,2019-10-02,2020-09-28,0,,,,,,,,,,,,,,,,,,,
Hockey,11,Boston,Bruins,44-14-12,0.714,79785510,2019-2020,2019-10-02,2020-09-28,2,,,,,,,,,,,,,,,,,,,
Hockey,12,Chicago,Blackhawks,32-30-8,0.514,79742414,2019-2020,2019-10-02,2020-09-28,1,,,,,,,,,,,,,,,,,,,
Hockey,13,New York,Rangers,37-28-5,0.564,77387718,2019-2020,2019-10-02,2020-09-28,0,,,,,,,,,,,,,,,,,,,
Hockey,14,Pittsburgh,Penguins,40-23-6,0.623,85050602,2019-2020,2019-10-02,2020-09-28,0,,,,,,,,,,,,,,,,,,,
Hockey,15,Detroit,Red Wings,17-49-5,0.275,78059812,2019-2020,2019-10-02,2020-09-28,0,,,,,,,,,,,,,,,,,,,
Hockey,16,St. Louis,Blues,42-19-10,0.662,84605837,2019-2020,2019-10-02,2020-09-28,1,,,,,,,,,,,,,,,,,,,
Hockey,17,Washington,Capitals,41-20-8,0.652,82086827,2019-2020,2019-10-02,2020-09-28,1,,,,,,,,,,,,,,,,,,,
Hockey,18,Florida,Panthers,35-26-8,0.565,79974992,2019-2020,2019-10-02,2020-09-28,0,,,,,,,,,,,,,,,,,,,
Hockey,19,Toronto,Maple Leafs,36-25-9,0.579,96087597,2019-2020,2019-10-02,2020-09-28,0,,,,,,,,,,,,,,,,,,,
Hockey,20,New Jersey,Devils,28-29-12,0.493,62968035,2019-2020,2019-10-02,2020-09-28,0,,,,,,,,,,,,,,,,,,,
Hockey,21,Los Angeles,Kings,29-35-6,0.457,65306414,2019-2020,2019-10-02,2020-09-28,0,,,,,,,,,,,,,,,,,,,
Hockey,22,New York,Islanders,35-23-10,0.588,85971651,2019-2020,2019-10-02,2020-09-28,3,,,,,,,,,,,,,,,,,,,
Hockey,23,Colorado,Avalanche,42-20-8,0.657,79051542,2019-2020,2019-10-02,2020-09-28,2,,,,,,,,,,,,,,,,,,,
Hockey,24,Edmonton,Oilers,37-25-9,0.585,81485177,2019-2020,2019-10-02,2020-09-28,0,,,,,,,,,,,,,,,,,,,
Hockey,25,Carolina,Hurricanes,38-25-5,0.596,89975808,2019-2020,2019-10-02,2020-09-28,1,,,,,,,,,,,,,,,,,,,
Hockey,26,Dallas,Stars,37-24-8,0.594,81112923,2019-2020,2019-10-02,2020-09-28,4,,,,,,,,,,,,,,,,,,,
Hockey,27,Ottawa,Senators,25-34-12,0.437,70516281,2019-2020,2019-10-02,2020-09-28,0,,,,,,,,,,,,,,,,,,,
Hockey,28,Minnesota,Wild,35-27-7,0.558,78135996,2019-2020,2019-10-02,2020-09-28,0,,,,,,,,,,,,,,,,,,,
Hockey,29,Vegas,Golden Knights,39-24-8,0.606,83305835,2019-2020,2019-10-02,2020-09-28,3,,,,,,,,,,,,,,,,,,,
Hockey,30,Montreal,Canadiens,31-31-9,0.5,76105032,2019-2020,2019-10-02,2020-09-28,1,,,,,,,,,,,,,,,,,,,
Hockey,31,Tampa Bay,Lightning,43-21-6,0.657,82004856,2019-2020,2019-10-02,2020-09-28,5,,,,,,,,,,,,,,,,,,,
Hockey,32,Winnipeg,Jets,37-28-6,0.563,80834061,2019-2020,2019-10-02,2020-09-28,0,,,,,,,,,,,,,,,,,,,
Hockey,1,San Jose,Sharks,46-27-9,0.616,80295756,2018-2019,2018-10-03,2019-06-12,3,,,,,,,,,,,,,,,,,,,
Hockey,2,Calgary,Flames,50-25-7,0.652,78384539,2018-2019,2018-10-03,2019-06-12,1,,,,,,,,,,,,,,,,,,,
Hockey,3,Columbus,Blue Jackets,47-31-4,0.598,76745276,2018-2019,2018-10-03,2019-06-12,2,,,,,,,,,,,,,,,,,,,
Hockey,4,Arizona,Coyotes,29-41-12,0.427,56912933,2017-2018,2017-10-04,2018-06-07,0,,,,,,,,,,,,,,,,,,,
Hockey,5,Nashville,Predators,47-29-6,0.61,67893785,2018-2019,2018-10-03,2019-06-12,1,,,,,,,,,,,,,,,,,,,
Hockey,7,Buffalo,Sabres,33-39-10,0.463,76646583,2018-2019,2018-10-03,2019-06-12,0,,,,,,,,,,,,,,,,,,,
Hockey,8,Philadelphia,Flyers,37-37-8,0.5,70748392,2018-2019,2018-10-03,2019-06-12,0,,,,,,,,,,,,,,,,,,,
Hockey,9,Vancouver,Canucks,35-36-11,0.494,71920528,2018-2019,2018-10-03,2019-06-12,0,,,,,,,,,,,,,,,,,,,
Hockey,10,Anaheim,Ducks,35-37-10,0.488,78792046,2018-2019,2018-10-03,2019-06-12,0,,,,,,,,,,,,,,,,,,,
Hockey,11,Boston,Bruins,49-24-9,0.652,77949631,2018-2019,2018-10-03,2019-06-12,4,,,,,,,,,,,,,,,,,,,
Hockey,12,Chicago,Blackhawks,36-34-12,0.512,73900012,2018-2019,2018-10-03,2019-06-12,0,,,,,,,,,,,,,,,,,,,
Hockey,13,New York,Rangers,32-36-14,0.476,74426749,2018-2019,2018-10-03,2019-06-12,0,,,,,,,,,,,,,,,,,,,
Hockey,14,Pittsburgh,Penguins,44-26-12,0.61,76467641,2018-2019,2018-10-03,2019-06-12,1,,,,,,,,,,,,,,,,,,,
Hockey,15,Detroit,Red Wings,32-40-10,0.451,84660716,2018-2019,2018-10-03,2019-06-12,0,,,,,,,,,,,,,,,,,,,
Hockey,16,St. Louis,Blues,45-28-9,0.604,80074099,2018-2019,2018-10-03,2019-06-12,5,,,,,,,,,,,,,,,,,,,
Hockey,17,Washington,Capitals,48-26-8,0.634,81221768,2018-2019,2018-10-03,2019-06-12,1,,,,,,,,,,,,,,,,,,,
Hockey,18,Florida,Panthers,36-32-14,0.524,76835044,2018-2019,2018-10-03,2019-06-12,0,,,,,,,,,,,,,,,,,,,
Hockey,19,Toronto,Maple Leafs,46-28-8,0.61,75871716,2018-2019,2018-10-03,2019-06-12,1,,,,,,,,,,,,,,,,,,,
Hockey,20,New Jersey,Devils,31-41-10,0.439,62687864,2018-2019,2018-10-03,2019-06-12,0,,,,,,,,,,,,,,,,,,,
Hockey,21,Los Angeles,Kings,31-42-9,0.433,76933038,2018-2019,2018-10-03,2019-06-12,0,,,,,,,,,,,,,,,,,,,
Hockey,22,New York,Islanders,48-27-7,0.628,68690179,2018-2019,2018-10-03,2019-06-12,2,,,,,,,,,,,,,,,,,,,
Hockey,23,Colorado,Avalanche,38-30-14,0.549,78766138,2018-2019,2018-10-03,2019-06-12,2,,,,,,,,,,,,,,,,,,,
Hockey,24,Edmonton,Oilers,35-38-9,0.482,81734363,2018-2019,2018-10-03,2019-06-12,0,,,,,,,,,,,,,,,,,,,
Hockey,25,Carolina,Hurricanes,46-29-7,0.604,62713299,2018-2019,2018-10-03,2019-06-12,3,,,,,,,,,,,,,,,,,,,
Hockey,26,Dallas,Stars,43-32-7,0.567,83590982,2018-2019,2018-10-03,2019-06-12,2,,,,,,,,,,,,,,,,,,,
Hockey,27,Ottawa,Senators,29-47-6,0.39,69551644,2018-2019,2018-10-03,2019-06-12,0,,,,,,,,,,,,,,,,,,,
Hockey,28,Minnesota,Wild,37-36-9,0.506,75910983,2018-2019,2018-10-03,2019-06-12,0,,,,,,,,,,,,,,,,,,,
Hockey,29,Vegas,Golden Knights,43-32-7,0.567,78886587,2018-2019,2018-10-03,2019-06-12,1,,,,,,,,,,,,,,,,,,,
Hockey,30,Montreal,Canadiens,44-30-8,0.585,72393629,2018-2019,2018-10-03,2019-06-12,0,,,,,,,,,,,,,,,,,,,
Hockey,31,Tampa Bay,Lightning,62-16-4,0.78,78236228,2018-2019,2018-10-03,2019-06-12,1,,,,,,,,,,,,,,,,,,,
Hockey,32,Winnipeg,Jets,47-30-5,0.604,75614992,2018-2019,2018-10-03,2019-06-12,1,,,,,,,,,,,,,,,,,,,
Hockey,1,San Jose,Sharks,46-29-7,0.604,73385869,2016-2017,2016-10-12,2017-06-11,1,,,,,,,,,,,,,,,,,,,
Hockey,2,Calgary,Flames,45-33-4,0.573,74332972,2016-2017,2016-10-12,2017-06-11,1,,,,,,,,,,,,,,,,,,,
Hockey,3,Columbus,Blue Jackets,50-24-8,0.659,73033208,2016-2017,2016-10-12,2017-06-11,1,,,,,,,,,,,,,,,,,,,
Hockey,4,Arizona,Coyotes,30-42-10,0.427,73017656,2016-2017,2016-10-12,2017-06-11,0,,,,,,,,,,,,,,,,,,,
Hockey,5,Nashville,Predators,41-29-12,0.573,70791103,2016-2017,2016-10-12,2017-06-11,4,,,,,,,,,,,,,,,,,,,
Hockey,7,Buffalo,Sabres,33-37-12,0.476,72465004,2016-2017,2016-10-12,2017-06-11,0,,,,,,,,,,,,,,,,,,,
Hockey,8,Philadelphia,Flyers,39-33-10,0.537,74563822,2016-2017,2016-10-12,2017-06-11,0,,,,,,,,,,,,,,,,,,,
Hockey,9,Vancouver,Canucks,30-43-9,0.421,66424256,2016-2017,2016-10-12,2017-06-11,0,,,,,,,,,,,,,,,,,,,
Hockey,10,Anaheim,Ducks,46-23-13,0.64,76954459,2016-2017,2016-10-12,2017-06-11,3,,,,,,,,,,,,,,,,,,,
Hockey,11,Boston,Bruins,44-31-7,0.579,74772546,2016-2017,2016-10-12,2017-06-11,1,,,,,,,,,,,,,,,,,,,
Hockey,12,Chicago,Blackhawks,50-23-9,0.665,70593221,2016-2017,2016-10-12,2017-06-11,1,,,,,,,,,,,,,,,,,,,
Hockey,13,New York,Rangers,48-28-6,0.622,73375352,2016-2017,2016-10-12,2017-06-11,2,,,,,,,,,,,,,,,,,,,
Hockey,14,Pittsburgh,Penguins,50-21-11,0.677,74097288,2016-2017,2016-10-12,2017-06-11,5,,,,,,,,,,,,,,,,,,,
Hockey,15,Detroit,Red Wings,33-36-13,0.482,74505703,2016-2017,2016-10-12,2017-06-11,0,,,,,,,,,,,,,,,,,,,
Hockey,16,St. Louis,Blues,46-29-7,0.604,70675984,2016-2017,2016-10-12,2017-06-11,1,,,,,,,,,,,,,,,,,,,
Hockey,17,Washington,Capitals,55-19-8,0.72,73952827,2016-2017,2016-10-12,2017-06-11,2,,,,,,,,,,,,,,,,,,,
Hockey,18,Florida,Panthers,35-36-11,0.494,64675437,2016-2017,2016-10-12,2017-06-11,0,,,,,,,,,,,,,,,,,,,
Hockey,19,Toronto,Maple Leafs,40-27-15,0.579,76495820,2016-2017,2016-10-12,2017-06-11,1,,,,,,,,,,,,,,,,,,,
Hockey,20,New Jersey,Devils,28-40-14,0.427,63384193,2016-2017,2016-10-12,2017-06-11,0,,,,,,,,,,,,,,,,,,,
Hockey,21,Los Angeles,Kings,39-35-8,0.524,78349869,2016-2017,2016-10-12,2017-06-11,0,,,,,,,,,,,,,,,,,,,
Hockey,22,New York,Islanders,41-29-12,0.573,70929419,2016-2017,2016-10-12,2017-06-11,0,,,,,,,,,,,,,,,,,,,
Hockey,23,Colorado,Avalanche,22-56-4,0.293,69968694,2016-2017,2016-10-12,2017-06-11,0,,,,,,,,,,,,,,,,,,,
Hockey,24,Edmonton,Oilers,47-26-9,0.628,69680520,2016-2017,2016-10-12,2017-06-11,2,,,,,,,,,,,,,,,,,,,
Hockey,25,Carolina,Hurricanes,36-31-15,0.53,55070883,2016-2017,2016-10-12,2017-06-11,0,,,,,,,,,,,,,,,,,,,
Hockey,26,Dallas,Stars,34-37-11,0.482,67509048,2016-2017,2016-10-12,2017-06-11,0,,,,,,,,,,,,,,,,,,,
Hockey,27,Ottawa,Senators,44-28-10,0.598,75947622,2016-2017,2016-10-12,2017-06-11,3,,,,,,,,,,,,,,,,,,,
Hockey,28,Minnesota,Wild,49-25-8,0.646,75007092,2016-2017,2016-10-12,2017-06-11,1,,,,,,,,,,,,,,,,,,,
Hockey,30,Montreal,Canadiens,47-26-9,0.628,74453080,2016-2017,2016-10-12,2017-06-11,1,,,,,,,,,,,,,,,,,,,
Hockey,31,Tampa Bay,Lightning,42-30-10,0.573,60056091,2016-2017,2016-10-12,2017-06-11,0,,,,,,,,,,,,,,,,,,,
Hockey,32,Winnipeg,Jets,40-35-7,0.53,64113622,2016-2017,2016-10-12,2017-06-11,0,,,,,,,,,,,,,,,,,,,
Hockey,1,San Jose,Sharks,46–30–6,0.598,64878875,2015-2016,2015-10-07,2016-04-10,4,,,,,,,,,,,,,,,,,,,
Hockey,2,Calgary,Flames,35–40–7,0.47,48605554,2015-2016,2015-10-07,2016-04-10,0,,,,,,,,,,,,,,,,,,,
Hockey,3,Columbus,Blue Jackets,34–40–8,0.463,58119731,2015-2016,2015-10-07,2016-04-10,0,,,,,,,,,,,,,,,,,,,
Hockey,4,Arizona,Coyotes,35-39-8,0.476,65050932,2015-2016,2015-10-07,2016-04-10,0,,,,,,,,,,,,,,,,,,,
Hockey,5,Nashville,Predators,41–27–14,0.585,59358663,2015-2016,2015-10-07,2016-04-10,2,,,,,,,,,,,,,,,,,,,
Hockey,7,Buffalo,Sabres,35–36–11,0.494,50143098,2015-2016,2015-10-07,2016-04-10,0,,,,,,,,,,,,,,,,,,,
Hockey,8,Philadelphia,Flyers,41–27–14,0.585,60631693,2015-2016,2015-10-07,2016-04-10,1,,,,,,,,,,,,,,,,,,,
Hockey,9,Vancouver,Canucks,31–38–13,0.457,61257292,2015-2016,2015-10-07,2016-04-10,0,,,,,,,,,,,,,,,,,,,
Hockey,10,Anaheim,Ducks,46–25–11,0.628,59322791,2015-2016,2015-10-07,2016-04-10,1,,,,,,,,,,,,,,,,,,,
Hockey,11,Boston,Bruins,42–31–9,0.567,61395382,2015-2016,2015-10-07,2016-04-10,0,,,,,,,,,,,,,,,,,,,
Hockey,12,Chicago,Blackhawks,47–26–9,0.628,65167788,2015-2016,2015-10-07,2016-04-10,1,,,,,,,,,,,,,,,,,,,
Hockey,13,New York,Islanders,45–27–10,0.61,64959529,2015-2016,2015-10-07,2016-04-10,1,,,,,,,,,,,,,,,,,,,
Hockey,14,Pittsburgh,Penguins,48–26–8,0.634,58603572,2015-2016,2015-10-07,2016-04-10,5,,,,,,,,,,,,,,,,,,,
Hockey,15,Detroit,Red Wings,41–30–11,0.567,63865064,2015-2016,2015-10-07,2016-04-10,1,,,,,,,,,,,,,,,,,,,
Hockey,16,St. Louis,Blues,49–24–9,0.652,70735352,2015-2016,2015-10-07,2016-04-10,2,,,,,,,,,,,,,,,,,,,
Hockey,17,Washington,Capitals,56–18–8,0.732,66710351,2015-2016,2015-10-07,2016-04-10,2,,,,,,,,,,,,,,,,,,,
Hockey,18,Florida,Panthers,47–26–9,0.628,50041787,2015-2016,2015-10-07,2016-04-10,1,,,,,,,,,,,,,,,,,,,
Hockey,19,Toronto,Maple Leafs,29–42–11,0.421,34820590,2015-2016,2015-10-07,2016-04-10,0,,,,,,,,,,,,,,,,,,,
Hockey,20,New Jersey,Devils,38–36–8,0.512,44724567,2015-2016,2015-10-07,2016-04-10,0,,,,,,,,,,,,,,,,,,,
Hockey,21,Los Angeles,Kings,48–28–6,0.622,61183940,2015-2016,2015-10-07,2016-04-10,1,,,,,,,,,,,,,,,,,,,
Hockey,23,Colorado,Avalanche,39–39–4,0.5,52563831,2015-2016,2015-10-07,2016-04-10,0,,,,,,,,,,,,,,,,,,,
Hockey,24,Edmonton,Oilers,31–43–8,0.427,54444025,2015-2016,2015-10-07,2016-04-10,0,,,,,,,,,,,,,,,,,,,
Hockey,25,Carolina,Hurricanes,35–31–16,0.524,38031076,2015-2016,2015-10-07,2016-04-10,0,,,,,,,,,,,,,,,,,,,
Hockey,26,Dallas,Stars,50–23–9,0.665,64281561,2015-2016,2015-10-07,2016-04-10,2,,,,,,,,,,,,,,,,,,,
Hockey,27,Ottawa,Senators,38–35–9,0.518,50417900,2015-2016,2015-10-07,2016-04-10,0,,,,,,,,,,,,,,,,,,,
Hockey,28,Minnesota,Wild,38–33–11,0.53,65817470,2015-2016,2015-10-07,2016-04-10,1,,,,,,,,,,,,,,,,,,,
Hockey,30,Montreal,Canadiens,38–38–6,0.5,50549811,2015-2016,2015-10-07,2016-04-10,0,,,,,,,,,,,,,,,,,,,
Hockey,31,Tampa Bay,Lightning,46–31–5,0.591,67598440,2015-2016,2015-10-07,2016-04-10,2,,,,,,,,,,,,,,,,,,,
Hockey,32,Winnipeg,Jets,35–39–8,0.476,48642298,2015-2016,2015-10-07,2016-04-10,0,,,,,,,,,,,,,,,,,,,
Hockey,22,Montreal,Canadiens,50-22-10,0.671,64122215,2014-2015,2014-10-08,2015-06-15,2,,,,,,,,,,,,,,,,,,,
Hockey,31,Tampa Bay,Lightning,50-24-8,0.659,62808821,2014-2015,2014-10-08,2015-06-15,4,,,,,,,,,,,,,,,,,,,
Hockey,15,Detroit,Red Wings,43-25-14,0.61,65463065,2014-2015,2014-10-08,2015-06-15,1,,,,,,,,,,,,,,,,,,,
Hockey,27,Ottawa,Senators,43-26-13,0.604,54018042,2014-2015,2014-10-08,2015-06-15,1,,,,,,,,,,,,,,,,,,,
Hockey,11,Boston,Bruins,41-27-14,0.585,64409325,2014-2015,2014-10-08,2015-06-15,0,,,,,,,,,,,,,,,,,,,
Hockey,18,Florida,Panthers,38-29-15,0.555,53370643,2014-2015,2014-10-08,2015-06-15,0,,,,,,,,,,,,,,,,,,,
Hockey,19,Toronto,Maple Leafs,30-44-8,0.415,56378733,2014-2015,2014-10-08,2015-06-15,0,,,,,,,,,,,,,,,,,,,
Hockey,7,Buffalo,Sabres,23-51-8,0.329,42406839,2014-2015,2014-10-08,2015-06-15,0,,,,,,,,,,,,,,,,,,,
Hockey,26,Dallas,Stars,41-31-10,0.561,56002569,2014-2015,2014-10-08,2015-06-15,0,,,,,,,,,,,,,,,,,,,
Hockey,16,St. Louis,Blues,51-24-7,0.665,64786379,2014-2015,2014-10-08,2015-06-15,1,,,,,,,,,,,,,,,,,,,
Hockey,5,Nashville,Predators,47-25-10,0.634,57581256,2014-2015,2014-10-08,2015-06-15,1,,,,,,,,,,,,,,,,,,,
Hockey,12,Chicago,Blackhawks,48-28-6,0.622,68893938,2014-2015,2014-10-08,2015-06-15,5,,,,,,,,,,,,,,,,,,,
Hockey,28,Minnesota,Wild,46-28-8,0.61,63829807,2014-2015,2014-10-08,2015-06-15,2,,,,,,,,,,,,,,,,,,,
Hockey,32,Winnipeg,Jets,43-26-13,0.604,53589243,2014-2015,2014-10-08,2015-06-15,1,,,,,,,,,,,,,,,,,,,
Hockey,23,Colorado,Avalanche,39-31-12,0.549,63375057,2014-2015,2014-10-08,2015-06-15,0,,,,,,,,,,,,,,,,,,,
Hockey,10,Anaheim,Ducks,51-24-7,0.665,52482919,2014-2015,2014-10-08,2015-06-15,3,,,,,,,,,,,,,,,,,,,
Hockey,9,Vancouver,Canucks,48-29-5,0.616,65215478,2014-2015,2014-10-08,2015-06-15,1,,,,,,,,,,,,,,,,,,,
Hockey,2,Calgary,Flames,45-30-7,0.591,56512248,2014-2015,2014-10-08,2015-06-15,2,,,,,,,,,,,,,,,,,,,
Hockey,21,Los Angeles,Kings,40-27-15,0.579,65907026,2014-2015,2014-10-08,2015-06-15,0,,,,,,,,,,,,,,,,,,,
Hockey,1,San Jose,Sharks,40-33-9,0.543,53416316,2014-2015,2014-10-08,2015-06-15,0,,,,,,,,,,,,,,,,,,,
Hockey,24,Edmonton,Oilers,24-44-14,0.378,58189315,2014-2015,2014-10-08,2015-06-15,0,,,,,,,,,,,,,,,,,,,
Hockey,4,Arizona,Coyotes,24-50-8,0.341,40488426,2014-2015,2014-10-08,2015-06-15,0,,,,,,,,,,,,,,,,,,,
Hockey,14,Pittsburgh,Penguins,43-27-12,0.598,64658706,2014-2015,2014-10-08,2015-06-15,1,,,,,,,,,,,,,,,,,,,
Hockey,8,New Jersey,Devils,32-36-14,0.476,51702013,2014-2015,2014-10-08,2015-06-15,0,,,,,,,,,,,,,,,,,,,
Hockey,17,Washington,Capitals,45-26-11,0.616,66076369,2014-2015,2014-10-08,2015-06-15,2,,,,,,,,,,,,,,,,,,,
Hockey,14,New York,Rangers,53-22-7,0.689,67071830,2014-2015,2014-10-08,2015-06-15,3,,,,,,,,,,,,,,,,,,,
Hockey,14,New York,Islanders,47-28-7,0.616,61084002,2014-2015,2014-10-08,2015-06-15,1,,,,,,,,,,,,,,,,,,,
Hockey,30,Montreal,Canadiens,50-22-10,0.671,64122215,2014-2015,2014-10-08,2015-06-15,2,,,,,,,,,,,,,,,,,,,
Hockey,11,Boston,Bruins,54-19-9,0.713,67790362,2013-2014,2013-10-01,2014-06-13,2,,,,,,,,,,,,,,,,,,,
Hockey,31,Tampa Bay,Lightning,46-27-9,0.616,65665708,2013-2014,2013-10-01,2014-06-13,1,,,,,,,,,,,,,,,,,,,
Hockey,30,Montreal,Canadiens,46-28-8,0.61,65060425,2013-2014,2013-10-01,2014-06-13,3,,,,,,,,,,,,,,,,,,,
Hockey,15,Detroit,Red Wings,39-28-15,0.567,69618888,2013-2014,2013-10-01,2014-06-13,1,,,,,,,,,,,,,,,,,,,
Hockey,27,Ottawa,Senators,37-31-14,0.537,56498998,2013-2014,2013-10-01,2014-06-13,0,,,,,,,,,,,,,,,,,,,
Hockey,19,Toronto,Maple Leafs,38-36-8,0.512,65966280,2013-2014,2013-10-01,2014-06-13,0,,,,,,,,,,,,,,,,,,,
Hockey,18,Florida,Panthers,29-45-8,0.402,50784209,2013-2014,2013-10-01,2014-06-13,0,,,,,,,,,,,,,,,,,,,
Hockey,7,Buffalo,Sabres,21-51-10,0.317,58698796,2013-2014,2013-10-01,2014-06-13,0,,,,,,,,,,,,,,,,,,,
Hockey,14,Pittsburgh,Penguins,51-24-7,0.665,69561811,2013-2014,2013-10-01,2014-06-13,2,,,,,,,,,,,,,,,,,,,
Hockey,22,New York,Islanders,34-37-11,0.482,51682971,2013-2014,2013-10-01,2014-06-13,0,,,,,,,,,,,,,,,,,,,
Hockey,8,Philadelphia,Flyers,42-30-10,0.573,66461613,2013-2014,2013-10-01,2014-06-13,1,,,,,,,,,,,,,,,,,,,
Hockey,3,Columbus,Blue Jackets,43-32-7,0.567,63639715,2013-2014,2013-10-01,2014-06-13,1,,,,,,,,,,,,,,,,,,,
Hockey,17,Washington,Capitals,38-30-14,0.549,64926986,2013-2014,2013-10-01,2014-06-13,0,,,,,,,,,,,,,,,,,,,
Hockey,20,New Jersey,Devils,35-29-18,0.537,63578615,2013-2014,2013-10-01,2014-06-13,0,,,,,,,,,,,,,,,,,,,
Hockey,25,Carolina,Hurricanes,36-35-11,0.506,64857262,2013-2014,2013-10-01,2014-06-13,0,,,,,,,,,,,,,,,,,,,
Hockey,24,Edmonton,Oilers,29-44-9,0.409,57731641,2013-2014,2013-10-01,2014-06-13,0,,,,,,,,,,,,,,,,,,,
Hockey,23,Colorado,Avalanche,52-22-8,0.683,52940153,2013-2014,2013-10-01,2014-06-13,1,,,,,,,,,,,,,,,,,,,
Hockey,16,St. Louis,Blues,52-23-7,0.677,64708845,2013-2014,2013-10-01,2014-06-13,1,,,,,,,,,,,,,,,,,,,
Hockey,12,Chicago,Blackhawks,46-21-15,0.652,65536767,2013-2014,2013-10-01,2014-06-13,3,,,,,,,,,,,,,,,,,,,
Hockey,28,Minnesota,Wild,43-27-12,0.598,63828423,2013-2014,2013-10-01,2014-06-13,2,,,,,,,,,,,,,,,,,,,
Hockey,26,Dallas,Stars,40-31-11,0.555,61607432,2013-2014,2013-10-01,2014-06-13,1,,,,,,,,,,,,,,,,,,,
Hockey,5,Nashville,Predators,38-32-12,0.537,59443457,2013-2014,2013-10-01,2014-06-13,0,,,,,,,,,,,,,,,,,,,
Hockey,14,Winnipeg,Jets,37-35-10,0.512,63682588,2013-2014,2013-10-01,2014-06-13,0,,,,,,,,,,,,,,,,,,,
Hockey,10,Anaheim,Ducks,54-20-8,0.707,64127746,2013-2014,2013-10-01,2014-06-13,2,,,,,,,,,,,,,,,,,,,
Hockey,1,San Jose,Sharks,51-22-9,0.677,66147431,2013-2014,2013-10-01,2014-06-13,1,,,,,,,,,,,,,,,,,,,
Hockey,21,Los Angeles,Kings,46-28-8,0.61,64391803,2013-2014,2013-10-01,2014-06-13,5,,,,,,,,,,,,,,,,,,,
Hockey,9,Vancouver,Canucks,36-35-11,0.506,59213858,2013-2014,2013-10-01,2014-06-13,0,,,,,,,,,,,,,,,,,,,
Hockey,2,Calgary,Flames,35-40-7,0.47,51870158,2013-2014,2013-10-01,2014-06-13,0,,,,,,,,,,,,,,,,,,,
Hockey,13,New York,Rangers,45-31-6,0.585,64093628,2013-2014,2013-10-01,2014-06-13,4,,,,,,,,,,,,,,,,,,,
Hockey,1,San Jose,Sharks,25–16–7,0.594,62356667,2012-2013,2012-01-19,2013-05-19,2,,,,,,,,,,,,,,,,,,,
Hockey,2,Calgary,Flames,19–25–4,0.438,53563887,2012-2013,2012-01-19,2013-05-19,0,,,,,,,,,,,,,,,,,,,
Hockey,3,Columbus,Blue Jackets,24–17–7,0.573,51115476,2012-2013,2012-01-19,2013-05-19,0,,,,,,,,,,,,,,,,,,,
Hockey,4,Arizona,Coyotes,21–18–9,0.531,47294166,2012-2013,2012-01-19,2013-05-19,0,,,,,,,,,,,,,,,,,,,
Hockey,5,Nashville,Predators,16–23–9,0.427,48623809,2012-2013,2012-01-19,2013-05-19,0,,,,,,,,,,,,,,,,,,,
Hockey,7,Buffalo,Sabres,21–21–6,0.5,57669524,2012-2013,2012-01-19,2013-05-19,0,,,,,,,,,,,,,,,,,,,
Hockey,8,Philadelphia,Flyers,23–22–3,0.51,70622679,2012-2013,2012-01-19,2013-05-19,0,,,,,,,,,,,,,,,,,,,
Hockey,9,Vancouver,Canucks,26–15–7,0.615,75973333,2012-2013,2012-01-19,2013-05-19,1,,,,,,,,,,,,,,,,,,,
Hockey,10,Anaheim,Ducks,30–12–6,0.688,67064166,2012-2013,2012-01-19,2013-05-19,2,,,,,,,,,,,,,,,,,,,
Hockey,11,Boston,Bruins,28–14–6,0.646,68889643,2012-2013,2012-01-19,2013-05-19,4,,,,,,,,,,,,,,,,,,,
Hockey,12,Chicago,Blackhawks,36–7–5,0.802,71039226,2012-2013,2012-01-19,2013-05-19,5,,,,,,,,,,,,,,,,,,,
Hockey,13,New York,Rangers,26–18–4,0.583,64209500,2012-2013,2012-01-19,2013-05-19,2,,,,,,,,,,,,,,,,,,,
Hockey,14,Pittsburgh,Penguins,36–12–0,0.75,78205257,2012-2013,2012-01-19,2013-05-19,3,,,,,,,,,,,,,,,,,,,
Hockey,15,Detroit,Red Wings,24–16–8,0.583,62560377,2012-2013,2012-01-19,2013-05-19,2,,,,,,,,,,,,,,,,,,,
Hockey,16,St. Louis,Blues,29–17–2,0.625,58634999,2012-2013,2012-01-19,2013-05-19,1,,,,,,,,,,,,,,,,,,,
Hockey,17,Washington,Capitals,27–18–3,0.594,63788747,2012-2013,2012-01-19,2013-05-19,1,,,,,,,,,,,,,,,,,,,
Hockey,18,Florida,Panthers,15–27–6,0.375,53367285,2012-2013,2012-01-19,2013-05-19,0,,,,,,,,,,,,,,,,,,,
Hockey,19,Toronto,Maple Leafs,26–17–5,0.594,54015000,2012-2013,2012-01-19,2013-05-19,1,,,,,,,,,,,,,,,,,,,
Hockey,20,New Jersey,Devils,19–19–10,0.5,61128333,2012-2013,2012-01-19,2013-05-19,0,,,,,,,,,,,,,,,,,,,
Hockey,21,Los Angeles,Kings,27–16–5,0.615,65407726,2012-2013,2012-01-19,2013-05-19,3,,,,,,,,,,,,,,,,,,,
Hockey,23,Colorado,Avalanche,16–25–7,0.406,54981666,2012-2013,2012-01-19,2013-05-19,0,,,,,,,,,,,,,,,,,,,
Hockey,24,Edmonton,Oilers,19–22–7,0.469,48772000,2012-2013,2012-01-19,2013-05-19,0,,,,,,,,,,,,,,,,,,,
Hockey,25,Carolina,Hurricanes,19–25–4,0.438,49198333,2012-2013,2012-01-19,2013-05-19,0,,,,,,,,,,,,,,,,,,,
Hockey,26,Dallas,Stars,22–22–4,0.5,40896944,2012-2013,2012-01-19,2013-05-19,0,,,,,,,,,,,,,,,,,,,
Hockey,27,Ottawa,Senators,25–17–6,0.583,52746666,2012-2013,2012-01-19,2013-05-19,2,,,,,,,,,,,,,,,,,,,
Hockey,28,Minnesota,Wild,26–19–3,0.573,72248591,2012-2013,2012-01-19,2013-05-19,1,,,,,,,,,,,,,,,,,,,
Hockey,30,Montreal,Canadiens,29–14–5,0.656,60172500,2012-2013,2012-01-19,2013-05-19,1,,,,,,,,,,,,,,,,,,,
Hockey,31,Tampa Bay,Lightning,18–26–4,0.417,60506697,2012-2013,2012-01-19,2013-05-19,0,,,,,,,,,,,,,,,,,,,
Hockey,32,Winnipeg,Jets,24–21–3,0.531,56353951,2012-2013,2012-01-19,2013-05-19,0,,,,,,,,,,,,,,,,,,,
Hockey,1,San Jose,Sharks,43-29-10,0.585,66227778,2011-2012,2011-10-06,2012-06-11,1,,,,,,,,,,,,,,,,,,,
Hockey,2,Calgary,Flames,37-29-16,0.549,63374553,2011-2012,2011-10-06,2012-06-11,0,,,,,,,,,,,,,,,,,,,
Hockey,3,Columbus,Blue Jackets,29-46-7,0.396,52069583,2011-2012,2011-10-06,2012-06-11,0,,,,,,,,,,,,,,,,,,,
Hockey,4,Phoenix,Coyotes,42-27-13,0.591,61236666,2011-2012,2011-10-06,2012-06-11,3,,,,,,,,,,,,,,,,,,,
Hockey,5,Nashville,Predators,48-26-8,0.634,61661732,2011-2012,2011-10-06,2012-06-11,2,,,,,,,,,,,,,,,,,,,
Hockey,7,Buffalo,Sabres,39-32-11,0.543,65660357,2011-2012,2011-10-06,2012-06-11,0,,,,,,,,,,,,,,,,,,,
Hockey,8,Philadelphia,Flyers,47-26-9,0.628,78783929,2011-2012,2011-10-06,2012-06-11,2,,,,,,,,,,,,,,,,,,,
Hockey,9,Vancouver,Canucks,51-22-9,0.677,73778333,2011-2012,2011-10-06,2012-06-11,1,,,,,,,,,,,,,,,,,,,
Hockey,10,Anaheim,Ducks,34-36-12,0.488,54986918,2011-2012,2011-10-06,2012-06-11,0,,,,,,,,,,,,,,,,,,,
Hockey,11,Boston,Bruins,49-29-4,0.622,65575474,2011-2012,2011-10-06,2012-06-11,1,,,,,,,,,,,,,,,,,,,
Hockey,12,Chicago,Blackhawks,45-26-11,0.616,67387628,2011-2012,2011-10-06,2012-06-11,2,,,,,,,,,,,,,,,,,,,
Hockey,13,New York,Islanders,34-37-11,0.482,46868582,2011-2012,2011-10-06,2012-06-11,0,,,,,,,,,,,,,,,,,,,
Hockey,14,Pittsburgh,Penguins,51-25-6,0.659,69698167,2011-2012,2011-10-06,2012-06-11,2,,,,,,,,,,,,,,,,,,,
Hockey,15,Detroit,Red Wings,48-28-6,0.622,61868709,2011-2012,2011-10-06,2012-06-11,2,,,,,,,,,,,,,,,,,,,
Hockey,16,St. Louis,Blues,49-22-11,0.665,56524165,2011-2012,2011-10-06,2012-06-11,2,,,,,,,,,,,,,,,,,,,
Hockey,17,Washington,Capitals,42-32-8,0.561,71897127,2011-2012,2011-10-06,2012-06-11,1,,,,,,,,,,,,,,,,,,,
Hockey,18,Florida,Panthers,38-26-18,0.573,56111167,2011-2012,2011-10-06,2012-06-11,1,,,,,,,,,,,,,,,,,,,
Hockey,19,Toronto,Maple Leafs,35-37-10,0.488,60365000,2011-2012,2011-10-06,2012-06-11,0,,,,,,,,,,,,,,,,,,,
Hockey,20,New Jersey,Devils,48-28-6,0.622,63401668,2011-2012,2011-10-06,2012-06-11,4,,,,,,,,,,,,,,,,,,,
Hockey,21,Los Angeles,Kings,40-27-15,0.579,74343200,2011-2012,2011-10-06,2012-06-11,5,,,,,,,,,,,,,,,,,,,
Hockey,23,Colorado,Avalanche,41-35-6,0.537,48970332,2011-2012,2011-10-06,2012-06-11,0,,,,,,,,,,,,,,,,,,,
Hockey,24,Edmonton,Oilers,32-40-10,0.451,65931999,2011-2012,2011-10-06,2012-06-11,0,,,,,,,,,,,,,,,,,,,
Hockey,25,Carolina,Hurricanes,33-33-16,0.5,62025331,2011-2012,2011-10-06,2012-06-11,0,,,,,,,,,,,,,,,,,,,
Hockey,26,Dallas,Stars,42-35-5,0.543,50288332,2011-2012,2011-10-06,2012-06-11,0,,,,,,,,,,,,,,,,,,,
Hockey,27,Ottawa,Senators,41-31-10,0.561,54575833,2011-2012,2011-10-06,2012-06-11,1,,,,,,,,,,,,,,,,,,,
Hockey,28,Minnesota,Wild,35-36-11,0.494,52212500,2011-2012,2011-10-06,2012-06-11,0,,,,,,,,,,,,,,,,,,,
Hockey,30,Montreal,Canadiens,31-35-16,0.476,54964175,2011-2012,2011-10-06,2012-06-11,0,,,,,,,,,,,,,,,,,,,
Hockey,31,Tampa Bay,Lightning,38-36-8,0.512,63807088,2011-2012,2011-10-06,2012-06-11,0,,,,,,,,,,,,,,,,,,,
Hockey,32,Winnipeg,Jets,37-35-10,0.512,52629958,2011-2012,2011-10-06,2012-06-11,0,,,,,,,,,,,,,,,,,,,
Hockey,8,Philadelphia,Flyers,47?23?12,0.646,N/A,2010?2011,2010?10?06,2011?06?15,1,,,,,,,,,,,,,,,,,,,
Hockey,14,Pittsburgh,Penguins,49?25?8,0.659,N/A,2010?2011,2010?10?06,2011?06?15,1,,,,,,,,,,,,,,,,,,,
Hockey,13,New York,Rangers,44?33?5,0.567,N/A,2010?2011,2010?10?06,2011?06?15,1,,,,,,,,,,,,,,,,,,,
Hockey,20,New Jersey,Devils,38?39?5,0.494,N/A,2010?2011,2010?10?06,2011?06?15,0,,,,,,,,,,,,,,,,,,,
Hockey,22,New York,Islanders,30?39?13,0.445,N/A,2010?2011,2010?10?06,2011?06?15,0,,,,,,,,,,,,,,,,,,,
Hockey,11,Boston,Bruins,46?25?11,0.61,N/A,2010?2011,2010?10?06,2011?06?15,5,,,,,,,,,,,,,,,,,,,
Hockey,30,Montreal,Canadiens,44?30?8,0.585,N/A,2010?2011,2010?10?06,2011?06?15,1,,,,,,,,,,,,,,,,,,,
Hockey,7,Buffalo,Sabres,43?29?10,0.585,N/A,2010?2011,2010?10?06,2011?06?15,1,,,,,,,,,,,,,,,,,,,
Hockey,19,Toronto,Maple Leafs,37?34?11,0.518,N/A,2010?2011,2010?10?06,2011?06?15,0,,,,,,,,,,,,,,,,,,,
Hockey,27,Ottawa,Senators,32?40?10,0.451,N/A,2010?2011,2010?10?06,2011?06?15,0,,,,,,,,,,,,,,,,,,,
Hockey,17,Washington,Capitals,48?23?11,0.652,N/A,2010?2011,2010?10?06,2011?06?15,1,,,,,,,,,,,,,,,,,,,
Hockey,31,Tampa Bay,Lightning,46?25?11,0.628,N/A,2010?2011,2010?10?06,2011?06?15,2,,,,,,,,,,,,,,,,,,,
Hockey,25,Carolina,Hurricanes,40?31?11,0.555,N/A,2010?2011,2010?10?06,2011?06?15,0,,,,,,,,,,,,,,,,,,,
Hockey,18,Florida,Panthers,30?40?12,0.439,N/A,2010?2011,2010?10?06,2011?06?15,0,,,,,,,,,,,,,,,,,,,
Hockey,15,Detroit,Red Wings,47?25?10,0.634,N/A,2010?2011,2010?10?06,2011?06?15,2,,,,,,,,,,,,,,,,,,,
Hockey,5,Nashville,Predators,44?27?11,0.604,N/A,2010?2011,2010?10?06,2011?06?15,1,,,,,,,,,,,,,,,,,,,
Hockey,12,Chicago,Blackhawks,44?29?9,0.591,N/A,2010?2011,2010?10?06,2011?06?15,2,,,,,,,,,,,,,,,,,,,
Hockey,2,Calgary,Flames,41?29?12,0.573,N/A,2010?2011,2010?10?06,2011?06?15,0,,,,,,,,,,,,,,,,,,,
Hockey,28,Minnesota,Wild,39?35?8,0.524,N/A,2010?2011,2010?10?06,2011?06?15,0,,,,,,,,,,,,,,,,,,,
Hockey,23,Colorado,Avalanche,30?44?8,0.415,N/A,2010?2011,2010?10?06,2011?06?15,0,,,,,,,,,,,,,,,,,,,
Hockey,24,Edmonton,Oilers,25?45?12,0.378,N/A,2010?2011,2010?10?06,2011?06?15,0,,,,,,,,,,,,,,,,,,,
Hockey,21,Los Angeles,Kings,46?30?6,0.579,N/A,2010?2011,2010?10?06,2011?06?15,1,,,,,,,,,,,,,,,,,,,
Hockey,10,Anaheim,Ducks,47?30?5,0.604,N/A,2010?2011,2010?10?06,2011?06?15,2,,,,,,,,,,,,,,,,,,,
Hockey,4,Phoenix,Coyotes,43?26?13,0.604,N/A,2010?2011,2010?10?06,2011?06?15,1,,,,,,,,,,,,,,,,,,,
Hockey,9,Vancouver,Canucks,54?19?9,0.677,N/A,2010?2011,2010?10?06,2011?06?15,4,,,,,,,,,,,,,,,,,,,
Hockey,26,Dallas,Stars,42-29-11,0.579,N/A,2010?2011,2010?10?06,2011?06?15,0,,,,,,,,,,,,,,,,,,,
Hockey,1,San Jose,Sharks,48-25-9,0.64,N/A,2010?2011,2010?10?06,2011?06?15,3,,,,,,,,,,,,,,,,,,,
Hockey,17,Washington,Capitals,54?15?13,0.743,N/A,2009?2010,2009-10-01,2010-04-11,1,,,,,,,,,,,,,,,,,,,
Hockey,20,New Jersey,Devils,48?27?7,0.619,N/A,2009?2010,2009-10-01,2010-04-11,1,,,,,,,,,,,,,,,,,,,
Hockey,7,Buffalo,Sabres,45?27?10,0.622,N/A,2009?2010,2009-10-01,2010-04-11,1,,,,,,,,,,,,,,,,,,,
Hockey,14,Pittsburgh,Penguins,47?28?7,0.625,N/A,2009?2010,2009-10-01,2010-04-11,2,,,,,,,,,,,,,,,,,,,
Hockey,27,Ottawa,Senators,44?32?6,0.598,N/A,2009?2010,2009-10-01,2010-04-11,1,,,,,,,,,,,,,,,,,,,
Hockey,11,Boston,Bruins,39?30?13,0.571,N/A,2009?2010,2009-10-01,2010-04-11,2,,,,,,,,,,,,,,,,,,,
Hockey,8,Philadelphia,Flyers,41?35?6,0.554,N/A,2009?2010,2009-10-01,2010-04-11,4,,,,,,,,,,,,,,,,,,,
Hockey,30,Montreal,Canadiens,39?33?10,0.541,N/A,2009?2010,2009-10-01,2010-04-11,1,,,,,,,,,,,,,,,,,,,
Hockey,13,New York,Rangers,38?33?11,0.531,N/A,2009?2010,2009-10-01,2010-04-11,0,,,,,,,,,,,,,,,,,,,
Hockey,2,Calgary,Flames,40?32?10,0.559,N/A,2009?2010,2009-10-01,2010-04-11,0,,,,,,,,,,,,,,,,,,,
Hockey,15,Detroit,Red Wings,44?24?14,0.605,N/A,2009?2010,2009-10-01,2010-04-11,1,,,,,,,,,,,,,,,,,,,
Hockey,12,Chicago,Blackhawks,52?22?8,0.707,N/A,2009?2010,2009-10-01,2010-04-11,5,,,,,,,,,,,,,,,,,,,
Hockey,9,Vancouver,Canucks,49?28?5,0.644,N/A,2009?2010,2009-10-01,2010-04-11,2,,,,,,,,,,,,,,,,,,,
Hockey,4,Phoenix,Coyotes,50?25?7,0.655,N/A,2009?2010,2009-10-01,2010-04-11,1,,,,,,,,,,,,,,,,,,,
Hockey,21,Los Angeles,Kings,46?27?9,0.622,N/A,2009?2010,2009-10-01,2010-04-11,1,,,,,,,,,,,,,,,,,,,
Hockey,5,Nashville,Predators,47?29?6,0.621,N/A,2009?2010,2009-10-01,2010-04-11,1,,,,,,,,,,,,,,,,,,,
Hockey,23,Colorado,Avalanche,43?30?9,0.577,N/A,2009?2010,2009-10-01,2010-04-11,1,,,,,,,,,,,,,,,,,,,
Hockey,1,San Jose,Sharks,51?20?11,0.672,N/A,2009?2010,2009-10-01,2010-04-11,2,,,,,,,,,,,,,,,,,,,
Hockey,10,Anaheim,Ducks,39?32?11,0.543,N/A,2009?2010,2009-10-01,2010-04-11,0,,,,,,,,,,,,,,,,,,,
Hockey,26,Dallas,Stars,37?31?14,0.527,N/A,2009?2010,2009-10-01,2010-04-11,0,,,,,,,,,,,,,,,,,,,
Hockey,28,Minnesota,Wild,38?36?8,0.533,N/A,2009?2010,2009-10-01,2010-04-11,0,,,,,,,,,,,,,,,,,,,
Hockey,3,Columbus,Blue Jackets,32?35?15,0.439,N/A,2009?2010,2009-10-01,2010-04-11,0,,,,,,,,,,,,,,,,,,,
Hockey,24,Edmonton,Oilers,27?47?8,0.317,N/A,2009?2010,2009-10-01,2010-04-11,0,,,,,,,,,,,,,,,,,,,
Hockey,19,Toronto,Maple Leafs,30?38?14,0.433,N/A,2009?2010,2009-10-01,2010-04-11,0,,,,,,,,,,,,,,,,,,,
Hockey,18,Florida,Panthers,32?37?13,0.447,N/A,2009?2010,2009-10-01,2010-04-11,0,,,,,,,,,,,,,,,,,,,
Hockey,1,San Jose,Sharks,53?18?11,0.713,N/A,2008?2009,2008?10?04,2009?06?12,2,,,,,,,,,,,,,,,,,,,
Hockey,11,Boston,Bruins,53?19?10,0.707,N/A,2008?2009,2008?10?04,2009?06?12,1,,,,,,,,,,,,,,,,,,,
Hockey,15,Detroit,Red Wings,51?21?10,0.683,N/A,2008?2009,2008?10?04,2009?06?12,4,,,,,,,,,,,,,,,,,,,
Hockey,17,Washington,Capitals,50?24?8,0.659,N/A,2008?2009,2008?10?04,2009?06?12,1,,,,,,,,,,,,,,,,,,,
Hockey,20,New Jersey,Devils,51?27?4,0.646,N/A,2008?2009,2008?10?04,2009?06?12,1,,,,,,,,,,,,,,,,,,,
Hockey,14,Pittsburgh,Penguins,45?28?9,0.604,N/A,2008?2009,2008?10?04,2009?06?12,5,,,,,,,,,,,,,,,,,,,
Hockey,8,Philadelphia,Flyers,44?27?5,0.604,N/A,2008?2009,2008?10?04,2009?06?12,1,,,,,,,,,,,,,,,,,,,
Hockey,23,Colorado,Avalanche,32?45?5,0.421,N/A,2008?2009,2008?10?04,2009?06?12,0,,,,,,,,,,,,,,,,,,,
Hockey,7,Buffalo,Sabres,41?32?9,0.555,N/A,2008?2009,2008?10?04,2009?06?12,0,,,,,,,,,,,,,,,,,,,
Hockey,3,Columbus,Blue Jackets,41?31?10,0.561,N/A,2008?2009,2008?10?04,2009?06?12,1,,,,,,,,,,,,,,,,,,,
Hockey,2,Calgary,Flames,46?30?6,0.598,N/A,2008?2009,2008?10?04,2009?06?12,1,,,,,,,,,,,,,,,,,,,
Hockey,12,Chicago,Blackhawks,46?24?12,0.634,N/A,2008?2009,2008?10?04,2009?06?12,2,,,,,,,,,,,,,,,,,,,
Hockey,25,Carolina,Hurricanes,45?30?7,0.591,N/A,2008?2009,2008?10?04,2009?06?12,2,,,,,,,,,,,,,,,,,,,
Hockey,19,Toronto,Maple Leafs,34?35?13,0.494,N/A,2008?2009,2008?10?04,2009?06?12,0,,,,,,,,,,,,,,,,,,,
Hockey,27,Ottawa,Senators,36?35?11,0.506,N/A,2008?2009,2008?10?04,2009?06?12,0,,,,,,,,,,,,,,,,,,,
Hockey,24,Edmonton,Oilers,38?35?9,0.518,N/A,2008?2009,2008?10?04,2009?06?12,0,,,,,,,,,,,,,,,,,,,
Hockey,26,Dallas,Stars,36?35?11,0.506,N/A,2008?2009,2008?10?04,2009?06?12,0,,,,,,,,,,,,,,,,,,,
Hockey,22,New York,Islanders,26?47?9,0.372,N/A,2008?2009,2008?10?04,2009?06?12,0,,,,,,,,,,,,,,,,,,,
Hockey,9,Vancouver,Canucks,45?27?10,0.61,N/A,2008?2009,2008?10?04,2009?06?12,2,,,,,,,,,,,,,,,,,,,
Hockey,16,St. Louis,Blues,41?31?10,0.561,N/A,2008?2009,2008?10?04,2009?06?12,1,,,,,,,,,,,,,,,,,,,
Hockey,32,Tampa Bay,Lightning,24?40?18,0.402,N/A,2008?2009,2008?10?04,2009?06?12,0,,,,,,,,,,,,,,,,,,,
Hockey,18,Florida,Panthers,41?30?11,0.567,N/A,2008?2009,2008?10?04,2009?06?12,0,,,,,,,,,,,,,,,,,,,
Hockey,4,Phoenix,Coyotes,36?39?7,0.482,N/A,2008?2009,2008?10?04,2009?06?12,0,,,,,,,,,,,,,,,,,,,
Hockey,10,Anaheim,Ducks,42?33?7,0.555,N/A,2008?2009,2008?10?04,2009?06?12,1,,,,,,,,,,,,,,,,,,,
Hockey,15,Detroit,Red Wings,54–21–7,0.683,N/A,2007-2008,2007?10?03,2009?06?12,5,,,,,,,,,,,,,,,,,,,
Hockey,1,San Jose,Sharks,49–23–10,0.644,N/A,2007-2008,2007?10?04,2009?06?12,2,,,,,,,,,,,,,,,,,,,
Hockey,14,Pittsburgh,Penguins,47–27–8,0.622,N/A,2007-2008,2007?10?03,2009?06?12,4,,,,,,,,,,,,,,,,,,,
Hockey,30,Montreal,Canadiens,47–25–10,0.634,N/A,2007-2008,2007?10?03,2009?06?12,2,,,,,,,,,,,,,,,,,,,
Hockey,19,Toronto,Maple Leafs,36–35–11,0.5,N/A,2007-2008,2007?10?04,2009?06?12,0,,,,,,,,,,,,,,,,,,,
Hockey,20,New Jersey,Devils,46–29–7,0.579,N/A,2007-2008,2007?10?04,2009?06?12,1,,,,,,,,,,,,,,,,,,,
Hockey,8,Philadelphia,Flyers,42–29–11,0.576,N/A,2007-2008,2007?10?03,2009?06?12,3,,,,,,,,,,,,,,,,,,,
Hockey,29,Minnesota,Wild,44–28–10,0.598,N/A,2007-2008,2007?10?04,2009?06?12,1,,,,,,,,,,,,,,,,,,,
Hockey,23,Colorado,Avalanche,44–31–7,0.579,N/A,2007-2008,2007?10?03,2009?06?12,2,,,,,,,,,,,,,,,,,,,
Hockey,2,Calgary,Flames,42–30–10,0.573,N/A,2007-2008,2007?10?03,2009?06?12,1,,,,,,,,,,,,,,,,,,,
Hockey,26,Dallas,Stars,45–30–7,0.591,N/A,2007-2008,2007?10?03,2009?06?12,3,,,,,,,,,,,,,,,,,,,
Hockey,17,Washington,Capitals,43–31–8,0.573,N/A,2007-2008,2007?10?03,2009?06?12,1,,,,,,,,,,,,,,,,,,,
Hockey,18,Florida,Panthers,38–35–9,0.518,N/A,2007-2008,2007?10?04,2009?06?12,0,,,,,,,,,,,,,,,,,,,
Hockey,7,Buffalo,Sabres,39–31–12,0.549,N/A,2007-2008,2007?10?03,2009?06?12,0,,,,,,,,,,,,,,,,,,,
Hockey,12,Chicago,Blackhawks,40–34–8,0.537,N/A,2007-2008,2007?10?03,2009?06?12,0,,,,,,,,,,,,,,,,,,,
Hockey,24,Edmonton,Oilers,41–35–6,0.518,N/A,2007-2008,2007?10?04,2009?06?12,0,,,,,,,,,,,,,,,,,,,
Hockey,3,Columbus,Blue Jackets,34–36–12,0.445,N/A,2007-2008,2007?10?04,2009?06?12,0,,,,,,,,,,,,,,,,,,,
Hockey,5,Nashville,Predators,41–32–9,0.555,N/A,2007-2008,2007?10?04,2009?06?12,1,,,,,,,,,,,,,,,,,,,
Hockey,11,Boston,Bruins,41–29–12,0.518,N/A,2007-2008,2007?10?03,2009?06?12,1,,,,,,,,,,,,,,,,,,,
Hockey,4,Phoenix,Coyotes,38–37–7,0.506,N/A,2007-2008,2007?10?04,2009?06?12,0,,,,,,,,,,,,,,,,,,,
Hockey,21,Los Angeles,Kings,32–43–7,0.39,N/A,2007-2008,2007?10?04,2009?06?12,0,,,,,,,,,,,,,,,,,,,
Hockey,31,Tampa Bay,Lightning,31–42–9,0.409,N/A,2007-2008,2007?10?04,2009?06?12,0,,,,,,,,,,,,,,,,,,,
Hockey,16,St. Louis,Blues,33–36–13,0.457,N/A,2007-2008,2007?10?03,2009?06?12,0,,,,,,,,,,,,,,,,,,,
Hockey,10,Anaheim,Ducks,47–27–8,0.622,N/A,2007-2008,2007?10?03,2009?06?12,1,,,,,,,,,,,,,,,,,,,
Hockey,8,Philadelphia,Flyers,22?48?12,0.341,N/A,2006?2007,2006?10?04,2007?06?06,0,,,,,,,,,,,,,,,,,,,
Hockey,20,New Jersey,Devils,49?24?9,0.652,N/A,2006?2007,2006?10?04,2007?06?06,2,,,,,,,,,,,,,,,,,,,
Hockey,14,Pittsburgh,Penguins,47?24?11,0.64,N/A,2006?2007,2006?10?04,2007?06?06,1,,,,,,,,,,,,,,,,,,,
Hockey,22,New York,Rangers,42?30?10,0.573,N/A,2006?2007,2006?10?04,2007?06?06,2,,,,,,,,,,,,,,,,,,,
Hockey,27,New York,Islanders,40?30?12,0.561,N/A,2006?2007,2006?10?04,2007?06?06,1,,,,,,,,,,,,,,,,,,,
Hockey,7,Buffalo,Sabres,53?22?7,0.689,N/A,2006?2007,2006?10?04,2007?06?06,3,,,,,,,,,,,,,,,,,,,
Hockey,28,Minnesota,Wild,48?26?8,0.634,N/A,2006?2007,2006?10?04,2007?06?06,1,,,,,,,,,,,,,,,,,,,
Hockey,2,Calgary,Flames,43?29?10,0.585,N/A,2006?2007,2006?10?04,2007?06?06,1,,,,,,,,,,,,,,,,,,,
Hockey,15,Detroit,Red Wings,50?19?13,0.689,N/A,2006?2007,2006?10?04,2007?06?06,3,,,,,,,,,,,,,,,,,,,
Hockey,5,Nashville,Predators,51?23?8,0.671,N/A,2006?2007,2006?10?04,2007?06?06,1,,,,,,,,,,,,,,,,,,,
Hockey,25,Dallas,Stars,50?25?7,0.652,N/A,2006?2007,2006?10?04,2007?06?06,1,,,,,,,,,,,,,,,,,,,
Hockey,9,Vancouver,Canucks,49?26?7,0.64,N/A,2006?2007,2006?10?04,2007?06?06,2,,,,,,,,,,,,,,,,,,,
Hockey,23,Colorado,Avalanche,44?31?7,0.579,N/A,2006?2007,2006?10?04,2007?06?06,0,,,,,,,,,,,,,,,,,,,
Hockey,24,Edmonton,Oilers,32?43?7,0.433,N/A,2006?2007,2006?10?04,2007?06?06,0,,,,,,,,,,,,,,,,,,,
Hockey,3,Columbus,Blue Jackets,33?42?7,0.445,N/A,2006?2007,2006?10?04,2007?06?06,0,,,,,,,,,,,,,,,,,,,
Hockey,12,Chicago,Blackhawks,31?42?9,0.433,N/A,2006?2007,2006?10?04,2007?06?06,0,,,,,,,,,,,,,,,,,,,
Hockey,4,Phoenix,Coyotes,31?46?5,0.409,N/A,2006?2007,2006?10?04,2007?06?06,0,,,,,,,,,,,,,,,,,,,
Hockey,21,Los Angeles,Kings,27?41?14,0.415,N/A,2006?2007,2006?10?04,2007?06?06,0,,,,,,,,,,,,,,,,,,,
Hockey,10,Anaheim,Ducks,48?20?14,0.671,N/A,2006?2007,2006?10?04,2007?06?06,5,,,,,,,,,,,,,,,,,,,
Hockey,1,San Jose,Sharks,51–26–5,0.659,N/A,2006?2007,2006?10?04,2007?06?06,2,,,,,,,,,,,,,,,,,,,
Hockey,2,Calgary,Flames,43–29–10,0.585,N/A,2006?2007,2006?10?04,2007?06?06,1,,,,,,,,,,,,,,,,,,,
Hockey,3,Columbus,Blue Jackets,33–42–7,0.445,N/A,2006?2007,2006?10?04,2007?06?06,0,,,,,,,,,,,,,,,,,,,
Hockey,4,Phoenix,Coyotes,31–46–5,0.409,N/A,2006?2007,2006?10?04,2007?06?06,0,,,,,,,,,,,,,,,,,,,
Hockey,5,Nashville,Predators,51–23–3,0.671,N/A,2006?2007,2006?10?04,2007?06?06,1,,,,,,,,,,,,,,,,,,,
Hockey,7,Buffalo,Sabres,53–22–7,0.689,N/A,2006?2007,2006?10?04,2007?06?06,3,,,,,,,,,,,,,,,,,,,
Hockey,8,Philadelphia,Flyers,22–48–6,0.341,N/A,2006?2007,2006?10?04,2007?06?06,0,,,,,,,,,,,,,,,,,,,
Hockey,9,Vancouver,Canucks,49–26–7,0.659,N/A,2006?2007,2006?10?04,2007?06?06,2,,,,,,,,,,,,,,,,,,,
Hockey,10,Anaheim,Ducks,48–20–14,0.671,N/A,2006?2007,2006?10?04,2007?06?06,5,,,,,,,,,,,,,,,,,,,
Hockey,11,Boston,Bruins,35–41–6,0.463,N/A,2006?2007,2006?10?04,2007?06?06,0,,,,,,,,,,,,,,,,,,,
Hockey,12,Chicago,Blackhawks,31–42–2,0.433,N/A,2006?2007,2006?10?04,2007?06?06,0,,,,,,,,,,,,,,,,,,,
Hockey,13,New York,Rangers,42–30–5,0.573,N/A,2006?2007,2006?10?04,2007?06?06,2,,,,,,,,,,,,,,,,,,,
Hockey,14,Pittsburgh,Penguins,47–24–11,0.64,N/A,2006?2007,2006?10?04,2007?06?06,1,,,,,,,,,,,,,,,,,,,
Hockey,15,Detroit,Red Wings,50–19–8,0.689,N/A,2006?2007,2006?10?04,2007?06?06,3,,,,,,,,,,,,,,,,,,,
Hockey,16,St. Louis,Blues,34–35–7,0.494,N/A,2006?2007,2006?10?04,2007?06?06,0,,,,,,,,,,,,,,,,,,,
Hockey,17,Washington,Capitals,28–40–14,0.427,N/A,2006?2007,2006?10?04,2007?06?06,0,,,,,,,,,,,,,,,,,,,
Hockey,18,Florida,Panthers,35–31–16,0.524,N/A,2006?2007,2006?10?04,2007?06?06,0,,,,,,,,,,,,,,,,,,,
Hockey,19,Toronto,Maple Leafs,40–31–11,0.555,N/A,2006?2007,2006?10?04,2007?06?06,0,,,,,,,,,,,,,,,,,,,
Hockey,20,New Jersey,Devils,49–24–9,0.652,N/A,2006?2007,2006?10?04,2007?06?06,2,,,,,,,,,,,,,,,,,,,
Hockey,21,Los Angeles,Kings,27–41–14,0.415,N/A,2006?2007,2006?10?04,2007?06?06,0,,,,,,,,,,,,,,,,,,,
Hockey,22,New York,Islanders,40–30–12,0.561,N/A,2006?2007,2006?10?04,2007?06?06,1,,,,,,,,,,,,,,,,,,,
Hockey,23,Colorado,Avalanche,44–31–7,0.579,N/A,2006?2007,2006?10?04,2007?06?06,0,,,,,,,,,,,,,,,,,,,
Hockey,24,Edmonton,Oilers,32–43–7,0.433,N/A,2006?2007,2006?10?04,2007?06?06,0,,,,,,,,,,,,,,,,,,,
Hockey,25,Carolina,Hurricanes,40–34–8,0.537,N/A,2006?2007,2006?10?04,2007?06?06,0,,,,,,,,,,,,,,,,,,,
Hockey,26,Dallas,Stars,50–25–7,0.652,N/A,2006?2007,2006?10?04,2007?06?06,1,,,,,,,,,,,,,,,,,,,
Hockey,27,Ottawa,Senators,48–25–9,0.64,N/A,2006?2007,2006?10?04,2007?06?06,4,,,,,,,,,,,,,,,,,,,
Hockey,28,Minnesota,Wild,48–26–8,0.634,N/A,2006?2007,2006?10?04,2007?06?06,1,,,,,,,,,,,,,,,,,,,
Hockey,30,Montreal,Canadiens,42–34–6,0.549,N/A,2006?2007,2006?10?04,2007?06?06,0,,,,,,,,,,,,,,,,,,,
Hockey,31,Tampa Bay,Lightning,44–33–5,0.567,N/A,2006?2007,2006?10?04,2007?06?06,1,,,,,,,,,,,,,,,,,,,
Hockey,32,Atlanta,Thrashers,43-28-11,0.591,N/A,2006-2007,2006-10-04,2007?06?06,1,,,,,,,,,,,,,,,,,,,
Hockey,1,San Jose,Sharks,44-27-11,0.604,N/A,2005-2006,2005-10-05,2006-06-19,2,,,,,,,,,,,,,,,,,,,
Hockey,2,Calgary,Flames,46-25-11,0.628,N/A,2005-2006,2005-10-05,2006-06-19,1,,,,,,,,,,,,,,,,,,,
Hockey,3,Columbus,Blue Jackets,35-43-4,0.451,N/A,2005-2006,2005-10-05,2006-06-19,0,,,,,,,,,,,,,,,,,,,
Hockey,4,Phoenix,Coyotes,38-39-5,0.494,N/A,2005-2006,2005-10-05,2006-06-19,0,,,,,,,,,,,,,,,,,,,
Hockey,5,Nashville,Predators,49-25-8,0.646,N/A,2005-2006,2005-10-05,2006-06-19,1,,,,,,,,,,,,,,,,,,,
Hockey,7,Buffalo,Sabres,52-24-6,0.671,N/A,2005-2006,2005-10-05,2006-06-19,3,,,,,,,,,,,,,,,,,,,
Hockey,8,Philadelphia,Flyers,45-26-11,0.616,N/A,2005-2006,2005-10-05,2006-06-19,2,,,,,,,,,,,,,,,,,,,
Hockey,9,Vancouver,Canucks,42-32-8,0.561,N/A,2005-2006,2005-10-05,2006-06-19,0,,,,,,,,,,,,,,,,,,,
Hockey,10,Anaheim,Mighty Ducks,43-27-12,0.598,N/A,2005-2006,2005-10-05,2006-06-19,3,,,,,,,,,,,,,,,,,,,
Hockey,11,Boston,Bruins,29-37-16,0.451,N/A,2005-2006,2005-10-05,2006-06-19,0,,,,,,,,,,,,,,,,,,,
Hockey,12,Chicago,Blackhawks,26-43-13,0.396,N/A,2005-2006,2005-10-05,2006-06-19,0,,,,,,,,,,,,,,,,,,,
Hockey,13,New York,Rangers,44-26-12,0.61,N/A,2005-2006,2005-10-05,2006-06-19,1,,,,,,,,,,,,,,,,,,,
Hockey,14,Pittsburgh,Penguins,22-46-14,0.354,N/A,2005-2006,2005-10-05,2006-06-19,0,,,,,,,,,,,,,,,,,,,
Hockey,15,Detroit,Red Wings,58-16-8,0.756,N/A,2005-2006,2005-10-05,2006-06-19,2,,,,,,,,,,,,,,,,,,,
Hockey,16,St. Louis,Blues,21-46-15,0.348,N/A,2005-2006,2005-10-05,2006-06-19,0,,,,,,,,,,,,,,,,,,,
Hockey,17,Washington,Capitals,29-41-12,0.427,N/A,2005-2006,2005-10-05,2006-06-19,0,,,,,,,,,,,,,,,,,,,
Hockey,18,Florida,Panthers,37-34-11,0.518,N/A,2005-2006,2005-10-05,2006-06-19,0,,,,,,,,,,,,,,,,,,,
Hockey,19,Toronto,Maple Leafs,41-33-8,0.549,N/A,2005-2006,2005-10-05,2006-06-19,0,,,,,,,,,,,,,,,,,,,
Hockey,20,New Jersey,Devils,46-27-9,0.616,N/A,2005-2006,2005-10-05,2006-06-19,1,,,,,,,,,,,,,,,,,,,
Hockey,21,Los Angeles,Kings,42-35-5,0.543,N/A,2005-2006,2005-10-05,2006-06-19,0,,,,,,,,,,,,,,,,,,,
Hockey,22,New York,Islanders,36-40-6,0.476,N/A,2005-2006,2005-10-05,2006-06-19,0,,,,,,,,,,,,,,,,,,,
Hockey,23,Colorado,Avalanche,43-30-9,0.579,N/A,2005-2006,2005-10-05,2006-06-19,1,,,,,,,,,,,,,,,,,,,
Hockey,24,Edmonton,Oilers,41-28-13,0.579,N/A,2005-2006,2005-10-05,2006-06-19,4,,,,,,,,,,,,,,,,,,,
Hockey,25,Carolina,Hurricanes,52-22-8,0.683,N/A,2005-2006,2005-10-05,2006-06-19,5,,,,,,,,,,,,,,,,,,,
Hockey,26,Dallas,Stars,53-23-6,0.683,N/A,2005-2006,2005-10-05,2006-06-19,1,,,,,,,,,,,,,,,,,,,
Hockey,27,Ottawa,Senators,52-21-9,0.689,N/A,2005-2006,2005-10-05,2006-06-19,2,,,,,,,,,,,,,,,,,,,
Hockey,28,Minnesota,Wild,38-36-8,0.512,N/A,2005-2006,2005-10-05,2006-06-19,0,,,,,,,,,,,,,,,,,,,
Hockey,31,Tampa Bay,Lightning,43-33-6,0.561,N/A,2005-2006,2005-10-05,2006-06-19,1,,,,,,,,,,,,,,,,,,,
Hockey,32,Atlanta,Thrashers,41-33-8,0.549,N/A,2005-2006,2005-10-05,2006-06-19,0,,,,,,,,,,,,,,,,,,,
Hockey,31,Tampa Bay,Lightning,46-22-8-6,0.598,N/A,2003-2004,2003-10-08,2004-06-07,5,,,,,,,,,,,,,,,,,,,
Hockey,2,Calgary,Flames,42-30-7-3,0.549,N/A,2003-2004,2003-10-08,2004-06-07,4,,,,,,,,,,,,,,,,,,,
Hockey,1,San Jose,Sharks,43-21-12-6,0.561,N/A,2003-2004,2003-10-08,2004-06-07,3,,,,,,,,,,,,,,,,,,,
Hockey,8,Philadelphia,Flyers,40-21-15-6,0.561,N/A,2003-2004,2003-10-08,2004-06-07,3,,,,,,,,,,,,,,,,,,,
Hockey,23,Colorado,Avalanche,40-22-13-7,0.561,N/A,2003-2004,2003-10-08,2004-06-07,2,,,,,,,,,,,,,,,,,,,
Hockey,15,Detroit,Red Wings,48-21-11-2,0.598,N/A,2003-2004,2003-10-08,2004-06-07,2,,,,,,,,,,,,,,,,,,,
Hockey,19,Toronto,Maple Leafs,45-24-10-3,0.567,N/A,2003-2004,2003-10-08,2004-06-07,2,,,,,,,,,,,,,,,,,,,
Hockey,30,Montreal,Canadiens,41-30-7-4,0.549,N/A,2003-2004,2003-10-08,2004-06-07,2,,,,,,,,,,,,,,,,,,,
Hockey,26,Dallas,Stars,41-26-13-2,0.561,N/A,2003-2004,2003-10-08,2004-06-07,1,,,,,,,,,,,,,,,,,,,
Hockey,9,Vancouver,Canucks,43-24-10-5,0.561,N/A,2003-2004,2003-10-08,2004-06-07,1,,,,,,,,,,,,,,,,,,,
Hockey,16,St. Louis,Blues,39-30-11-2,0.537,N/A,2003-2004,2003-10-08,2004-06-07,1,,,,,,,,,,,,,,,,,,,
Hockey,5,Nashville,Predators,38-29-11-4,0.537,N/A,2003-2004,2003-10-08,2004-06-07,1,,,,,,,,,,,,,,,,,,,
Hockey,27,Ottawa,Senators,43-23-10-6,0.561,N/A,2003-2004,2003-10-08,2004-06-07,1,,,,,,,,,,,,,,,,,,,
Hockey,20,New Jersey,Devils,43-25-12-2,0.561,N/A,2003-2004,2003-10-08,2004-06-07,1,,,,,,,,,,,,,,,,,,,
Hockey,11,Boston,Bruins,41-19-15-7,0.585,N/A,2003-2004,2003-10-08,2004-06-07,1,,,,,,,,,,,,,,,,,,,
Hockey,22,New York,Islanders,38-29-11-4,0.537,N/A,2003-2004,2003-10-08,2004-06-07,1,,,,,,,,,,,,,,,,,,,
Hockey,7,Buffalo,Sabres,37-34-7-4,0.476,N/A,2003-2004,2003-10-08,2004-06-07,0,,,,,,,,,,,,,,,,,,,
Hockey,13,New York,Rangers,27-40-7-8,0.378,N/A,2003-2004,2003-10-08,2004-06-07,0,,,,,,,,,,,,,,,,,,,
Hockey,14,Pittsburgh,Penguins,23-47-8-4,0.305,N/A,2003-2004,2003-10-08,2004-06-07,0,,,,,,,,,,,,,,,,,,,
Hockey,32,Atlanta,Thrashers,33-37-8-4,0.427,N/A,2003-2004,2003-10-08,2004-06-07,0,,,,,,,,,,,,,,,,,,,
Hockey,25,Carolina,Hurricanes,28-34-14-6,0.415,N/A,2003-2004,2003-10-08,2004-06-07,0,,,,,,,,,,,,,,,,,,,
Hockey,18,Florida,Panthers,28-35-15-4,0.415,N/A,2003-2004,2003-10-08,2004-06-07,0,,,,,,,,,,,,,,,,,,,
Hockey,17,Washington,Capitals,23-46-10-3,0.299,N/A,2003-2004,2003-10-08,2004-06-07,0,,,,,,,,,,,,,,,,,,,
Hockey,3,Columbus,Blue Jackets,25-45-8-4,0.329,N/A,2003-2004,2003-10-08,2004-06-07,0,,,,,,,,,,,,,,,,,,,
Hockey,12,Chicago,Blackhawks,20-43-11-8,0.293,N/A,2003-2004,2003-10-08,2004-06-07,0,,,,,,,,,,,,,,,,,,,
Hockey,24,Edmonton,Oilers,36-29-12-5,0.476,N/A,2003-2004,2003-10-08,2004-06-07,0,,,,,,,,,,,,,,,,,,,
Hockey,28,Minnesota,Wild,30-29-20-3,0.439,N/A,2003-2004,2003-10-08,2004-06-07,0,,,,,,,,,,,,,,,,,,,
Hockey,10,Anaheim,Mighty Ducks,29-35-10-8,0.402,N/A,2003-2004,2003-10-08,2004-06-07,0,,,,,,,,,,,,,,,,,,,
Hockey,21,Los Angeles,Kings,28-29-16-9,0.402,N/A,2003-2004,2003-10-08,2004-06-07,0,,,,,,,,,,,,,,,,,,,
Hockey,4,Phoenix,Coyotes,22-36-18-6,0.341,N/A,2003-2004,2003-10-08,2004-06-07,0,,,,,,,,,,,,,,,,,,,
Hockey,20,New Jersey,Devils,46-20-10-6,0.598,N/A,2002-2003,2002-10-09,2003-06-07,5,,,,,,,,,,,,,,,,,,,
Hockey,10,Anaheim,Mighty Ducks,40-27-9-6,0.561,N/A,2002-2003,2002-10-09,2003-06-07,4,,,,,,,,,,,,,,,,,,,
Hockey,27,Ottawa,Senators,52-21-8-1,0.64,N/A,2002-2003,2002-10-09,2003-06-07,3,,,,,,,,,,,,,,,,,,,
Hockey,28,Minnesota,Wild,42-29-10-1,0.561,N/A,2002-2003,2002-10-09,2003-06-07,3,,,,,,,,,,,,,,,,,,,
Hockey,9,Vancouver,Canucks,45-23-13-1,0.561,N/A,2002-2003,2002-10-09,2003-06-07,2,,,,,,,,,,,,,,,,,,,
Hockey,26,Dallas,Stars,46-17-15-4,0.591,N/A,2002-2003,2002-10-09,2003-06-07,2,,,,,,,,,,,,,,,,,,,
Hockey,31,Tampa Bay,Lightning,36-25-16-5,0.537,N/A,2002-2003,2002-10-09,2003-06-07,2,,,,,,,,,,,,,,,,,,,
Hockey,8,Philadelphia,Flyers,45-20-13-4,0.585,N/A,2002-2003,2002-10-09,2003-06-07,2,,,,,,,,,,,,,,,,,,,
Hockey,23,Colorado,Avalanche,42-19-13-8,0.585,N/A,2002-2003,2002-10-09,2003-06-07,1,,,,,,,,,,,,,,,,,,,
Hockey,15,Detroit,Red Wings,48-20-10-4,0.61,N/A,2002-2003,2002-10-09,2003-06-07,1,,,,,,,,,,,,,,,,,,,
Hockey,24,Edmonton,Oilers,36-26-11-9,0.5,N/A,2002-2003,2002-10-09,2003-06-07,1,,,,,,,,,,,,,,,,,,,
Hockey,16,St. Louis,Blues,41-24-11-6,0.567,N/A,2002-2003,2002-10-09,2003-06-07,1,,,,,,,,,,,,,,,,,,,
Hockey,19,Toronto,Maple Leafs,44-28-7-3,0.555,N/A,2002-2003,2002-10-09,2003-06-07,1,,,,,,,,,,,,,,,,,,,
Hockey,17,Washington,Capitals,39-29-8-6,0.512,N/A,2002-2003,2002-10-09,2003-06-07,1,,,,,,,,,,,,,,,,,,,
Hockey,11,Boston,Bruins,36-31-11-4,0.506,N/A,2002-2003,2002-10-09,2003-06-07,1,,,,,,,,,,,,,,,,,,,
Hockey,22,New York,Islanders,35-34-11-2,0.494,N/A,2002-2003,2002-10-09,2003-06-07,1,,,,,,,,,,,,,,,,,,,
Hockey,7,Buffalo,Sabres,27-37-10-8,0.402,N/A,2002-2003,2002-10-09,2003-06-07,0,,,,,,,,,,,,,,,,,,,
Hockey,30,Montreal,Canadiens,30-35-8-9,0.421,N/A,2002-2003,2002-10-09,2003-06-07,0,,,,,,,,,,,,,,,,,,,
Hockey,13,New York,Rangers,32-36-10-4,0.415,N/A,2002-2003,2002-10-09,2003-06-07,0,,,,,,,,,,,,,,,,,,,
Hockey,14,Pittsburgh,Penguins,27-44-6-5,0.36,N/A,2002-2003,2002-10-09,2003-06-07,0,,,,,,,,,,,,,,,,,,,
Hockey,32,Atlanta,Thrashers,31-39-7-5,0.415,N/A,2002-2003,2002-10-09,2003-06-07,0,,,,,,,,,,,,,,,,,,,
Hockey,18,Florida,Panthers,24-36-13-9,0.372,N/A,2002-2003,2002-10-09,2003-06-07,0,,,,,,,,,,,,,,,,,,,
Hockey,25,Carolina,Hurricanes,22-43-11-6,0.335,N/A,2002-2003,2002-10-09,2003-06-07,0,,,,,,,,,,,,,,,,,,,
Hockey,12,Chicago,Blackhawks,30-33-13-6,0.445,N/A,2002-2003,2002-10-09,2003-06-07,0,,,,,,,,,,,,,,,,,,,
Hockey,5,Nashville,Predators,27-35-13-7,0.409,N/A,2002-2003,2002-10-09,2003-06-07,0,,,,,,,,,,,,,,,,,,,
Hockey,3,Columbus,Blue Jackets,29-42-8-3,0.402,N/A,2002-2003,2002-10-09,2003-06-07,0,,,,,,,,,,,,,,,,,,,
Hockey,2,Calgary,Flames,29-36-13-4,0.433,N/A,2002-2003,2002-10-09,2003-06-07,0,,,,,,,,,,,,,,,,,,,
Hockey,21,Los Angeles,Kings,33-36-6-7,0.439,N/A,2002-2003,2002-10-09,2003-06-07,0,,,,,,,,,,,,,,,,,,,
Hockey,4,Phoenix,Coyotes,31-35-11-5,0.439,N/A,2002-2003,2002-10-09,2003-06-07,0,,,,,,,,,,,,,,,,,,,
Hockey,1,San Jose,Sharks,28-37-9-8,0.39,N/A,2002-2003,2002-10-09,2003-06-07,0,,,,,,,,,,,,,,,,,,,
Hockey,8,Philadelphia,Flyers,42-27-3,0.591,N/A,2001-2002,2001-10-04,2002-06-13,1,,,,,,,,,,,,,,,,,,,
Hockey,22,New York,Islanders,42-28-4,0.585,N/A,2001-2002,2001-10-04,2002-06-13,1,,,,,,,,,,,,,,,,,,,
Hockey,20,New Jersey,Devils,41-28-4,0.579,N/A,2001-2002,2001-10-04,2002-06-13,1,,,,,,,,,,,,,,,,,,,
Hockey,13,New York,Rangers,36-38-4,0.488,N/A,2001-2002,2001-10-04,2002-06-13,0,,,,,,,,,,,,,,,,,,,
Hockey,14,Pittsburgh,Penguins,28-41-5,0.421,N/A,2001-2002,2001-10-04,2002-06-13,0,,,,,,,,,,,,,,,,,,,
Hockey,11,Boston,Bruins,43-24-9,0.616,N/A,2001-2002,2001-10-04,2002-06-13,1,,,,,,,,,,,,,,,,,,,
Hockey,19,Toronto,Maple Leafs,43-25-4,0.61,N/A,2001-2002,2001-10-04,2002-06-13,3,,,,,,,,,,,,,,,,,,,
Hockey,27,Ottawa,Senators,39-27-7,0.573,N/A,2001-2002,2001-10-04,2002-06-13,2,,,,,,,,,,,,,,,,,,,
Hockey,30,Montreal,Canadiens,36-31-3,0.53,N/A,2001-2002,2001-10-04,2002-06-13,2,,,,,,,,,,,,,,,,,,,
Hockey,7,Buffalo,Sabres,35-35-1,0.5,N/A,2001-2002,2001-10-04,2002-06-13,0,,,,,,,,,,,,,,,,,,,
Hockey,25,Carolina,Hurricanes,35-26-5,0.555,N/A,2001-2002,2001-10-04,2002-06-13,4,,,,,,,,,,,,,,,,,,,
Hockey,17,Washington,Capitals,36-33-2,0.518,N/A,2001-2002,2001-10-04,2002-06-13,0,,,,,,,,,,,,,,,,,,,
Hockey,31,Tampa Bay,Lightning,27-40-4,0.421,N/A,2001-2002,2001-10-04,2002-06-13,0,,,,,,,,,,,,,,,,,,,
Hockey,18,Florida,Panthers,22-44-6,0.366,N/A,2001-2002,2001-10-04,2002-06-13,0,,,,,,,,,,,,,,,,,,,
Hockey,32,Atlanta,Thrashers,19-47-5,0.329,N/A,2001-2002,2001-10-04,2002-06-13,0,,,,,,,,,,,,,,,,,,,
Hockey,15,Detroit,Red Wings,51-17-4,0.707,N/A,2001-2002,2001-10-04,2002-06-13,5,,,,,,,,,,,,,,,,,,,
Hockey,16,St. Louis,Blues,43-27-4,0.598,N/A,2001-2002,2001-10-04,2002-06-13,2,,,,,,,,,,,,,,,,,,,
Hockey,12,Chicago,Blackhawks,41-27-1,0.585,N/A,2001-2002,2001-10-04,2002-06-13,1,,,,,,,,,,,,,,,,,,,
Hockey,5,Nashville,Predators,28-41-0,0.421,N/A,2001-2002,2001-10-04,2002-06-13,0,,,,,,,,,,,,,,,,,,,
Hockey,3,Columbus,Blue Jackets,22-47-5,0.348,N/A,2001-2002,2001-10-04,2002-06-13,0,,,,,,,,,,,,,,,,,,,
Hockey,23,Colorado,Avalanche,45-28-1,0.604,N/A,2001-2002,2001-10-04,2002-06-13,3,,,,,,,,,,,,,,,,,,,
Hockey,9,Vancouver,Canucks,42-30-3,0.573,N/A,2001-2002,2001-10-04,2002-06-13,1,,,,,,,,,,,,,,,,,,,
Hockey,24,Edmonton,Oilers,38-28-4,0.561,N/A,2001-2002,2001-10-04,2002-06-13,0,,,,,,,,,,,,,,,,,,,
Hockey,2,Calgary,Flames,32-35-3,0.482,N/A,2001-2002,2001-10-04,2002-06-13,0,,,,,,,,,,,,,,,,,,,
Hockey,28,Minnesota,Wild,26-35-9,0.445,N/A,2001-2002,2001-10-04,2002-06-13,0,,,,,,,,,,,,,,,,,,,
Hockey,1,San Jose,Sharks,44-27-3,0.604,N/A,2001-2002,2001-10-04,2002-06-13,2,,,,,,,,,,,,,,,,,,,
Hockey,4,Phoenix,Coyotes,40-27-6,0.579,N/A,2001-2002,2001-10-04,2002-06-13,1,,,,,,,,,,,,,,,,,,,
Hockey,21,Los Angeles,Kings,40-27-4,0.579,N/A,2001-2002,2001-10-04,2002-06-13,1,,,,,,,,,,,,,,,,,,,
Hockey,26,Dallas,Stars,36-28-5,0.549,N/A,2001-2002,2001-10-04,2002-06-13,0,,,,,,,,,,,,,,,,,,,
Hockey,10,Anaheim,Mighty Ducks,29-42-3,0.421,N/A,2001-2002,2001-10-04,2002-06-13,0,,,,,,,,,,,,,,,,,,,
Hockey,20,New Jersey,Devils,48-19-12-3,0.604,N/A,2000-2001,2000-10-04,2001-06-09,4,,,,,,,,,,,,,,,,,,,
Hockey,8,Philadelphia,Flyers,43-25-11-3,0.567,N/A,2000-2001,2000-10-04,2001-06-09,1,,,,,,,,,,,,,,,,,,,
Hockey,14,Pittsburgh,Penguins,42-28-9-3,0.561,N/A,2000-2001,2000-10-04,2001-06-09,3,,,,,,,,,,,,,,,,,,,
Hockey,13,New York,Rangers,33-43-5-1,0.433,N/A,2000-2001,2000-10-04,2001-06-09,0,,,,,,,,,,,,,,,,,,,
Hockey,22,New York,Islanders,21-51-7-3,0.293,N/A,2000-2001,2000-10-04,2001-06-09,0,,,,,,,,,,,,,,,,,,,
Hockey,27,Ottawa,Senators,48-21-9-4,0.61,N/A,2000-2001,2000-10-04,2001-06-09,1,,,,,,,,,,,,,,,,,,,
Hockey,7,Buffalo,Sabres,46-30-5-1,0.567,N/A,2000-2001,2000-10-04,2001-06-09,2,,,,,,,,,,,,,,,,,,,
Hockey,19,Toronto,Maple Leafs,37-29-11-5,0.518,N/A,2000-2001,2000-10-04,2001-06-09,2,,,,,,,,,,,,,,,,,,,
Hockey,11,Boston,Bruins,36-30-8-8,0.537,N/A,2000-2001,2000-10-04,2001-06-09,0,,,,,,,,,,,,,,,,,,,
Hockey,30,Montreal,Canadiens,28-40-8-6,0.427,N/A,2000-2001,2000-10-04,2001-06-09,0,,,,,,,,,,,,,,,,,,,
Hockey,17,Washington,Capitals,41-27-10-4,0.561,N/A,2000-2001,2000-10-04,2001-06-09,1,,,,,,,,,,,,,,,,,,,
Hockey,25,Carolina,Hurricanes,38-32-9-3,0.518,N/A,2000-2001,2000-10-04,2001-06-09,1,,,,,,,,,,,,,,,,,,,
Hockey,18,Florida,Panthers,22-38-13-9,0.402,N/A,2000-2001,2000-10-04,2001-06-09,0,,,,,,,,,,,,,,,,,,,
Hockey,32,Atlanta,Thrashers,23-45-12-2,0.366,N/A,2000-2001,2000-10-04,2001-06-09,0,,,,,,,,,,,,,,,,,,,
Hockey,31,Tampa Bay,Lightning,24-47-6-5,0.36,N/A,2000-2001,2000-10-04,2001-06-09,0,,,,,,,,,,,,,,,,,,,
Hockey,15,Detroit,Red Wings,49-20-9-4,0.61,N/A,2000-2001,2000-10-04,2001-06-09,1,,,,,,,,,,,,,,,,,,,
Hockey,16,St. Louis,Blues,43-22-12-5,0.598,N/A,2000-2001,2000-10-04,2001-06-09,3,,,,,,,,,,,,,,,,,,,
Hockey,5,Nashville,Predators,34-36-9-3,0.47,N/A,2000-2001,2000-10-04,2001-06-09,0,,,,,,,,,,,,,,,,,,,
Hockey,12,Chicago,Blackhawks,29-40-8-5,0.402,N/A,2000-2001,2000-10-04,2001-06-09,0,,,,,,,,,,,,,,,,,,,
Hockey,3,Columbus,Blue Jackets,28-39-9-6,0.396,N/A,2000-2001,2000-10-04,2001-06-09,0,,,,,,,,,,,,,,,,,,,
Hockey,23,Colorado,Avalanche,52-16-10-4,0.683,N/A,2000-2001,2000-10-04,2001-06-09,5,,,,,,,,,,,,,,,,,,,
Hockey,24,Edmonton,Oilers,39-28-12-3,0.549,N/A,2000-2001,2000-10-04,2001-06-09,1,,,,,,,,,,,,,,,,,,,
Hockey,9,Vancouver,Canucks,36-28-11-7,0.506,N/A,2000-2001,2000-10-04,2001-06-09,1,,,,,,,,,,,,,,,,,,,
Hockey,2,Calgary,Flames,27-36-15-4,0.421,N/A,2000-2001,2000-10-04,2001-06-09,0,,,,,,,,,,,,,,,,,,,
Hockey,28,Minnesota,Wild,25-39-13-5,0.384,N/A,2000-2001,2000-10-04,2001-06-09,0,,,,,,,,,,,,,,,,,,,
Hockey,26,Dallas,Stars,48-24-8-2,0.634,N/A,2000-2001,2000-10-04,2001-06-09,2,,,,,,,,,,,,,,,,,,,
Hockey,1,San Jose,Sharks,40-27-12-3,0.561,N/A,2000-2001,2000-10-04,2001-06-09,1,,,,,,,,,,,,,,,,,,,
Hockey,21,Los Angeles,Kings,38-28-13-3,0.543,N/A,2000-2001,2000-10-04,2001-06-09,2,,,,,,,,,,,,,,,,,,,
Hockey,4,Phoenix,Coyotes,35-27-17-3,0.53,N/A,2000-2001,2000-10-04,2001-06-09,0,,,,,,,,,,,,,,,,,,,
Hockey,10,Anaheim,Mighty Ducks,25-41-11-5,0.402,N/A,2000-2001,2000-10-04,2001-06-09,0,,,,,,,,,,,,,,,,,,,
